Workbook

Sheet Export-dataset
A1: Export | B1: 0 Food and live animals ; | C1: 00 Live animals (excl. fish (not marine mammals) crustaceans, molluscs and aquatic invertebrates of SITC Division 03) ; | D1: 01 Meat and meat preparations ; | E1: 02 Dairy products and birds’ eggs ; | F1: 03 Fish (excl. marine mammals) crustaceans, molluscs and aquatic invertebrates, and preparations thereof (excl. extracts and juices of fish, crustaceans, molluscs or other aquatic invertebrates, prepared or preserved of SITC 01710) ; | G1: 04 Cereals and cereal preparations ; | H1: 05 Vegetables and fruit ; | I1: 06 Sugars, sugar preparations and honey ; | J1: 07 Coffee, tea, cocoa, spices, and manufactures thereof ; | K1: 08 Feeding stuff for animals (excl. unmilled cereals) ; | L1: 09 Miscellaneous edible products and preparations ; | M1: 1 Beverages and tobacco ; | N1: 11 Beverages ; | O1: 12 Tobacco and tobacco manufactures ; | P1: 2 Crude materials, inedible, except fuels ; | Q1: 21 Hides, skins and furskins, raw ; | R1: 22 Oil-seeds and oleaginous fruits ; | S1: 23 Crude rubber (incl. synthetic and reclaimed) ; | T1: 24 Cork and wood ; | U1: 25 Pulp and waste paper ; | V1: 26 Textile fibres (excl. wool tops and other combed wool) and their wastes, not manufactured into yarn or fabric ; | W1: 27 Crude fertilizers (excl. those of Division 56) and crude minerals (excl. coal, petroleum and precious stones) ; | X1: 28 Metalliferous ores and metal scrap ; | Y1: 29 Crude animal and vegetable materials, nes ; | Z1: 3 Mineral fuels, lubricants and related materials ; | AA1: 32 Coal, coke and briquettes ; | AB1: 33 Petroleum, petroleum products and related materials ; | AC1: 34 Gas, natural and manufactured ; | AD1: 4 Animal and vegetable oils, fats and waxes ; | AE1: 41 Animal oils and fats ; | AF1: 42 Fixed vegetable fats and oils, crude, refined or fractionated ; | AG1: 43 Animal or vegetable fats and oils, processed; waxes of animal or vegetable origin; inedible mixtures or preparations of animal or vegetable fats or oils, nes ; | AH1: 5 Chemicals and related products, nes ; | AI1: 51 Organic chemicals ; | AJ1: 52 Inorganic chemicals ; | AK1: 53 Dyeing, tanning and colouring materials ; | AL1: 54 Medicinal and pharmaceutical products ; | AM1: 55 Essential oils and resinoids and perfume materials; toilet, polishing and cleansing preparations ; | AN1: 56 Fertilisers (excl. those of group 272) ; | AO1: 57 Plastics in primary forms ; | AP1: 58 Plastics in non-primary forms ; | AQ1: 59 Chemical materials and products, nes ; | AR1: 6 Manufactured goods classified chiefly by material ; | AS1: 61 Leather, leather manufactures, nes, and dressed furskins ; | AT1: 62 Rubber manufactures, nes ; | AU1: 63 Cork and wood manufactures (excl. furniture) ; | AV1: 64 Paper, paperboard and articles of paper pulp, of paper or of paperboard ; | AW1: 65 Textile yarn, fabrics, made-up articles nes, and related products ; | AX1: 66 Non-metallic mineral manufactures, nes ; | AY1: 67 Iron and steel ; | AZ1: 68 Non-ferrous metals ; | BA1: 69 Manufactures of metals, nes ; | BB1: 7 Machinery and transport equipment ; | BC1: 71 Power generating machinery and equipment ; | BD1: 72 Machinery specialized for particular industries ; | BE1: 73 Metalworking machinery ; | BF1: 74 General industrial machinery and equipment, nes, and machine parts, nes ; | BG1: 75 Office machines and automatic data processing machines ; | BH1: 76 Telecommunications and sound recording and reproducing apparatus and equipment ; | BI1: 77 Electrical machinery, apparatus and appliances, nes, and electrical parts thereof (incl. non electrical counterparts, nes, of electrical household type equipment) ; | BJ1: 78 Road vehicles (incl. air-cushion vehicles) ; | BK1: 79 Transport equipment (excl. road vehicles) ; | BL1: 8 Miscellaneous manufactured articles ; | BM1: 81 Prefabricated buildings and sanitary, plumbing, heating and lighting fixtures and fittings, nes ; | BN1: 82 Furniture and parts thereof; bedding, mattresses, mattress supports, cushions and similar stuffed furnishings ; | BO1: 83 Travel goods, handbags and similar containers ; | BP1: 84 Articles of apparel and clothing accessories ; | BQ1: 85 Footwear ; | BR1: 87 Professional, scientific and controlling instruments and apparatus, nes ; | BS1: 88 Photographic apparatus, equipment and supplies and optical goods, nes; watches and clocks ; | BT1: 89 Miscellaneous manufactured articles, nes ; | BU1: 9 Commodities and transactions not classified elsewhere in the SITC ; | BV1: 93 Special transactions and commodities not classified according to kind ; | BW1: 95 Gold coin whether or not legal tender, and other coin being legal tender ; | BX1: 96 Coin (excl. gold coin) not being legal tender ; | BY1: 97 Gold, non-monetary (excl. gold ores and concentrates) ; | BZ1: 98 Combined confidential items excluding some of SITC 28099 (exports only) and some of SITC 51099 (imports only) ; | CA1: -1 TOTAL ;
A2: Unit | B2: $ Millions | C2: $ Millions | D2: $ Millions | E2: $ Millions | F2: $ Millions | G2: $ Millions | H2: $ Millions | I2: $ Millions | J2: $ Millions | K2: $ Millions | L2: $ Millions | M2: $ Millions | N2: $ Millions | O2: $ Millions | P2: $ Millions | Q2: $ Millions | R2: $ Millions | S2: $ Millions | T2: $ Millions | U2: $ Millions | V2: $ Millions | W2: $ Millions | X2: $ Millions | Y2: $ Millions | Z2: $ Millions | AA2: $ Millions | AB2: $ Millions | AC2: $ Millions | AD2: $ Millions | AE2: $ Millions | AF2: $ Millions | AG2: $ Millions | AH2: $ Millions | AI2: $ Millions | AJ2: $ Millions | AK2: $ Millions | AL2: $ Millions | AM2: $ Millions | AN2: $ Millions | AO2: $ Millions | AP2: $ Millions | AQ2: $ Millions | AR2: $ Millions | AS2: $ Millions | AT2: $ Millions | AU2: $ Millions | AV2: $ Millions | AW2: $ Millions | AX2: $ Millions | AY2: $ Millions | AZ2: $ Millions | BA2: $ Millions | BB2: $ Millions | BC2: $ Millions | BD2: $ Millions | BE2: $ Millions | BF2: $ Millions | BG2: $ Millions | BH2: $ Millions | BI2: $ Millions | BJ2: $ Millions | BK2: $ Millions | BL2: $ Millions | BM2: $ Millions | BN2: $ Millions | BO2: $ Millions | BP2: $ Millions | BQ2: $ Millions | BR2: $ Millions | BS2: $ Millions | BT2: $ Millions | BU2: $ Millions | BV2: $ Millions | BW2: $ Millions | BX2: $ Millions | BY2: $ Millions | BZ2: $ Millions | CA2: $ Millions
A3: Series ID | B3: A1827804K | C3: A1827805L | D3: A1827806R | E3: A1827807T | F3: A1827808V | G3: A1827809W | H3: A1827810F | I3: A1827811J | J3: A1827812K | K3: A1827813L | L3: A1827814R | M3: A1827815T | N3: A1827816V | O3: A1827817W | P3: A1827818X | Q3: A1827819A | R3: A1827820K | S3: A1827821L | T3: A1827822R | U3: A1827823T | V3: A1827824V | W3: A1827825W | X3: A1827826X | Y3: A1827827A | Z3: A1827828C | AA3: A1827829F | AB3: A1827830R | AC3: A1827831T | AD3: A1827832V | AE3: A1827833W | AF3: A1827834X | AG3: A1827835A | AH3: A1827836C | AI3: A1827837F | AJ3: A1827838J | AK3: A1827839K | AL3: A1827840V | AM3: A1827841W | AN3: A1827842X | AO3: A1827843A | AP3: A1827844C | AQ3: A1827845F | AR3: A1827846J | AS3: A1827847K | AT3: A1827848L | AU3: A1827849R | AV3: A1827850X | AW3: A1827851A | AX3: A1827852C | AY3: A1827853F | AZ3: A1827854J | BA3: A1827855K | BB3: A1827856L | BC3: A1827857R | BD3: A1827858T | BE3: A1827859V | BF3: A1827860C | BG3: A1827861F | BH3: A1827862J | BI3: A1827863K | BJ3: A1827864L | BK3: A1827865R | BL3: A1827866T | BM3: A1827867V | BN3: A1827868W | BO3: A1827869X | BP3: A1827870J | BQ3: A1827871K | BR3: A1827872L | BS3: A1827873R | BT3: A1827874T | BU3: A1827875V | BV3: A1827876W | BW3: A1827877X | BX3: A1827878A | BY3: A1827879C | BZ3: A1827880L | CA3: A1827881R
A4: Y2016 | B4: 32621 | C4: 1874 | D4: 11088 | E4: 2208 | F4: 1379 | G4: 7580 | H4: 4153 | I4: 319 | J4: 363 | K4: 1174 | L4: 2478 | M4: 2679 | N4: 2610 | O4: 68 | P4: 83621 | Q4: 827 | R4: 1415 | S4: 7 | T4: 1769 | U4: 242 | V4: 4722 | W4: 665 | X4: 73494 | Y4: 476 | Z4: 67702 | AA4: 42273 | AB4: 6946 | AC4: 18480 | AD4: 675 | AE4: 422 | AF4: 217 | AG4: 37 | AH4: 8367 | AI4: 227 | AJ4: 657 | AK4: 847 | AL4: 3486 | AM4: 985 | AN4: 369 | AO4: 315 | AP4: 418 | AQ4: 1065 | AR4: 13406 | AS4: 184 | AT4: 246 | AU4: 111 | AV4: 984 | AW4: 268 | AX4: 1060 | AY4: 602 | AZ4: 8842 | BA4: 1107 | BB4: 15387 | BC4: 872 | BD4: 1872 | BE4: 161 | BF4: 2269 | BG4: 1542 | BH4: 1752 | BI4: 1691 | BJ4: 2940 | BK4: 2290 | BL4: 6558 | BM4: 136 | BN4: 133 | BO4: 64 | BP4: 328 | BQ4: 92 | BR4: 2532 | BS4: 409 | BT4: 2862 | BU4: 27452 | BV4: 1563 | BW4: 989 | BX4: 1 | BY4: 18857 | BZ4: 6043 | CA4: 258469
A5: Y2017 | B5: 36596 | C5: 1618 | D5: 11834 | E5: 2345 | F5: 1424 | G5: 9336 | H5: 5099 | I5: 330 | J5: 369 | K5: 1230 | L5: 3011 | M5: 3031 | N5: 2962 | O5: 67 | P5: 99473 | Q5: 808 | R5: 1906 | S5: 0 | T5: 1975 | U5: 277 | V5: 5852 | W5: 1575 | X5: 86583 | Y5: 496 | Z5: 91149 | AA5: 57133 | AB5: 7662 | AC5: 26355 | AD5: 680 | AE5: 390 | AF5: 241 | AG5: 49 | AH5: 8643 | AI5: 199 | AJ5: 702 | AK5: 959 | AL5: 3478 | AM5: 1180 | AN5: 265 | AO5: 339 | AP5: 443 | AQ5: 1072 | AR5: 14749 | AS5: 166 | AT5: 294 | AU5: 115 | AV5: 1013 | AW5: 274 | AX5: 902 | AY5: 917 | AZ5: 9957 | BA5: 1114 | BB5: 14638 | BC5: 742 | BD5: 1886 | BE5: 188 | BF5: 2191 | BG5: 1226 | BH5: 2012 | BI5: 1847 | BJ5: 2264 | BK5: 2283 | BL5: 6857 | BM5: 144 | BN5: 141 | BO5: 70 | BP5: 328 | BQ5: 115 | BR5: 2619 | BS5: 427 | BT5: 3017 | BU5: 25523 | BV5: 1474 | BW5: 677 | BX5: 1 | BY5: 17620 | BZ5: 5749 | CA5: 301334
A6: Y2018 | B6: 35271 | C6: 1825 | D6: 13605 | E6: 2481 | F6: 1469 | G6: 7326 | H6: 3567 | I6: 300 | J6: 393 | K6: 1359 | L6: 2946 | M6: 3377 | N6: 3318 | O6: 59 | P6: 106879 | Q6: 731 | R6: 1398 | S6: 15 | T6: 2218 | U6: 238 | V6: 6474 | W6: 2110 | X6: 93112 | Y6: 584 | Z6: 122269 | AA6: 66848 | AB6: 11191 | AC6: 44229 | AD6: 663 | AE6: 368 | AF6: 240 | AG6: 55 | AH6: 10510 | AI6: 201 | AJ6: 937 | AK6: 1029 | AL6: 4750 | AM6: 1346 | AN6: 320 | AO6: 298 | AP6: 443 | AQ6: 1185 | AR6: 17031 | AS6: 166 | AT6: 307 | AU6: 97 | AV6: 1145 | AW6: 273 | AX6: 927 | AY6: 1029 | AZ6: 11823 | BA6: 1265 | BB6: 15352 | BC6: 939 | BD6: 1833 | BE6: 275 | BF6: 2296 | BG6: 1284 | BH6: 2008 | BI6: 2078 | BJ6: 1693 | BK6: 2945 | BL6: 7288 | BM6: 162 | BN6: 152 | BO6: 80 | BP6: 336 | BQ6: 124 | BR6: 2765 | BS6: 440 | BT6: 3231 | BU6: 25975 | BV6: 1371 | BW6: 814 | BX6: 0 | BY6: 19136 | BZ6: 4651 | CA6: 344615
A7: Y2019 | B7: 37649 | C7: 2126 | D7: 16462 | E7: 2488 | F7: 1529 | G7: 5891 | H7: 4112 | I7: 268 | J7: 425 | K7: 1374 | L7: 2977 | M7: 3582 | N7: 3523 | O7: 59 | P7: 136415 | Q7: 579 | R7: 1051 | S7: 20 | T7: 2225 | U7: 183 | V7: 4844 | W7: 1717 | X7: 125211 | Y7: 584 | Z7: 126288 | AA7: 63941 | AB7: 12224 | AC7: 50124 | AD7: 647 | AE7: 359 | AF7: 243 | AG7: 47 | AH7: 11971 | AI7: 212 | AJ7: 754 | AK7: 1008 | AL7: 6249 | AM7: 1532 | AN7: 262 | AO7: 328 | AP7: 397 | AQ7: 1225 | AR7: 17567 | AS7: 141 | AT7: 325 | AU7: 108 | AV7: 1094 | AW7: 305 | AX7: 1005 | AY7: 1217 | AZ7: 11999 | BA7: 1372 | BB7: 16992 | BC7: 1064 | BD7: 1961 | BE7: 192 | BF7: 2456 | BG7: 1410 | BH7: 2657 | BI7: 2131 | BJ7: 1919 | BK7: 3208 | BL7: 8208 | BM7: 157 | BN7: 182 | BO7: 94 | BP7: 377 | BQ7: 122 | BR7: 3906 | BS7: 466 | BT7: 2901 | BU7: 30661 | BV7: 1239 | BW7: 861 | BX7: 0 | BY7: 23372 | BZ7: 5188 | CA7: 389981
A8: Y2020 | B8: 35628 | C8: 1949 | D8: 14705 | E8: 2544 | F8: 1229 | G8: 6440 | H8: 4127 | I8: 283 | J8: 447 | K8: 1310 | L8: 2591 | M8: 3283 | N8: 3246 | O8: 37 | P8: 151968 | Q8: 414 | R8: 1183 | S8: 10 | T8: 1669 | U8: 172 | V8: 2739 | W8: 1163 | X8: 144068 | Y8: 551 | Z8: 88821 | AA8: 43367 | AB8: 7755 | AC8: 37699 | AD8: 761 | AE8: 444 | AF8: 282 | AG8: 33 | AH8: 11092 | AI8: 227 | AJ8: 641 | AK8: 894 | AL8: 5547 | AM8: 1590 | AN8: 330 | AO8: 232 | AP8: 311 | AQ8: 1325 | AR8: 14708 | AS8: 112 | AT8: 260 | AU8: 103 | AV8: 934 | AW8: 276 | AX8: 736 | AY8: 920 | AZ8: 10215 | BA8: 1154 | BB8: 14678 | BC8: 1068 | BD8: 1769 | BE8: 138 | BF8: 2164 | BG8: 1300 | BH8: 2251 | BI8: 2006 | BJ8: 1598 | BK8: 2387 | BL8: 7376 | BM8: 161 | BN8: 136 | BO8: 112 | BP8: 387 | BQ8: 129 | BR8: 3526 | BS8: 432 | BT8: 2494 | BU8: 34408 | BV8: 1063 | BW8: 1303 | BX8: 2 | BY8: 25492 | BZ8: 6551 | CA8: 362728
A9: Y2021 | B9: 43540 | C9: 1646 | D9: 14801 | E9: 2947 | F9: 1207 | G9: 14105 | H9: 4512 | I9: 318 | J9: 476 | K9: 1424 | L9: 2105 | M9: 2523 | N9: 2503 | O9: 21 | P9: 198179 | Q9: 504 | R9: 3166 | S9: 11 | T9: 1338 | U9: 266 | V9: 5081 | W9: 1948 | X9: 185259 | Y9: 613 | Z9: 126395 | AA9: 63504 | AB9: 11715 | AC9: 51179 | AD9: 1085 | AE9: 669 | AF9: 360 | AG9: 54 | AH9: 10052 | AI9: 239 | AJ9: 808 | AK9: 1036 | AL9: 3630 | AM9: 1663 | AN9: 490 | AO9: 368 | AP9: 345 | AQ9: 1474 | AR9: 16703 | AS9: 160 | AT9: 257 | AU9: 96 | AV9: 948 | AW9: 333 | AX9: 570 | AY9: 793 | AZ9: 12328 | BA9: 1220 | BB9: 14728 | BC9: 872 | BD9: 1678 | BE9: 175 | BF9: 2230 | BG9: 1376 | BH9: 2331 | BI9: 2227 | BJ9: 1853 | BK9: 1988 | BL9: 8036 | BM9: 203 | BN9: 145 | BO9: 116 | BP9: 480 | BQ9: 119 | BR9: 3875 | BS9: 453 | BT9: 2646 | BU9: 36933 | BV9: 1789 | BW9: 2576 | BX9: 2 | BY9: 23281 | BZ9: 9283 | CA9: 458168
A10: Y2022 | B10: 53122 | C10: 1518 | D10: 16600 | E10: 3385 | F10: 1205 | G10: 20672 | H10: 5027 | I10: 321 | J10: 517 | K10: 1719 | L10: 2160 | M10: 2572 | N10: 2553 | O10: 19 | P10: 188296 | Q10: 454 | R10: 7762 | S10: 9 | T10: 1523 | U10: 307 | V10: 7710 | W10: 12384 | X10: 157451 | Y10: 692 | Z10: 251334 | AA10: 142345 | AB10: 17341 | AC10: 91648 | AD10: 1682 | AE10: 1080 | AF10: 538 | AG10: 64 | AH10: 12575 | AI10: 245 | AJ10: 1675 | AK10: 1068 | AL10: 4328 | AM10: 1768 | AN10: 731 | AO10: 303 | AP10: 451 | AQ10: 2007 | AR10: 19431 | AS10: 148 | AT10: 363 | AU10: 96 | AV10: 1014 | AW10: 356 | AX10: 604 | AY10: 1340 | AZ10: 14078 | BA10: 1430 | BB10: 16516 | BC10: 1027 | BD10: 1911 | BE10: 260 | BF10: 2489 | BG10: 1545 | BH10: 2337 | BI10: 2692 | BJ10: 2013 | BK10: 2245 | BL10: 9077 | BM10: 175 | BN10: 166 | BO10: 201 | BP10: 649 | BQ10: 141 | BR10: 4409 | BS10: 506 | BT10: 2834 | BU10: 39255 | BV10: 764 | BW10: 3046 | BX10: 9 | BY10: 23514 | BZ10: 11921 | CA10: 593865
A11: Y2023 | B11: 54749 | C11: 1236 | D11: 17798 | E11: 3000 | F11: 1346 | G11: 20628 | H11: 5891 | I11: 297 | J11: 509 | K11: 1737 | L11: 2314 | M11: 2548 | N11: 2524 | O11: 24 | P11: 202961 | Q11: 451 | R11: 5508 | S11: 14 | T11: 1435 | U11: 203 | V11: 7407 | W11: 19055 | X11: 168243 | Y11: 650 | Z11: 195549 | AA11: 103331 | AB11: 15760 | AC11: 76456 | AD11: 1609 | AE11: 1053 | AF11: 420 | AG11: 136 | AH11: 11484 | AI11: 221 | AJ11: 1264 | AK11: 920 | AL11: 4754 | AM11: 1686 | AN11: 338 | AO11: 277 | AP11: 385 | AQ11: 1643 | AR11: 19357 | AS11: 109 | AT11: 397 | AU11: 98 | AV11: 888 | AW11: 364 | AX11: 854 | AY11: 1256 | AZ11: 13950 | BA11: 1442 | BB11: 18604 | BC11: 1303 | BD11: 2113 | BE11: 272 | BF11: 3044 | BG11: 1489 | BH11: 2677 | BI11: 2954 | BJ11: 2180 | BK11: 2574 | BL11: 10517 | BM11: 170 | BN11: 188 | BO11: 188 | BP11: 706 | BQ11: 181 | BR11: 4871 | BS11: 576 | BT11: 3636 | BU11: 41247 | BV11: 612 | BW11: 2011 | BX11: 11 | BY11: 28352 | BZ11: 10257 | CA11: 558623
A12: Y2024 | B12: 52562 | C12: 1117 | D12: 21317 | E12: 3425 | F12: 1219 | G12: 13747 | H12: 7067 | I12: 298 | J12: 549 | K12: 1573 | L12: 2253 | M12: 3179 | N12: 3159 | O12: 20 | P12: 179588 | Q12: 532 | R12: 5005 | S12: 20 | T12: 1424 | U12: 242 | V12: 6498 | W12: 5137 | X12: 160100 | Y12: 635 | Z12: 170842 | AA12: 85445 | AB12: 15713 | AC12: 69682 | AD12: 1397 | AE12: 865 | AF12: 416 | AG12: 118 | AH12: 12272 | AI12: 215 | AJ12: 946 | AK12: 1162 | AL12: 5387 | AM12: 1705 | AN12: 437 | AO12: 294 | AP12: 412 | AQ12: 1718 | AR12: 20515 | AS12: 112 | AT12: 331 | AU12: 97 | AV12: 891 | AW12: 392 | AX12: 590 | AY12: 1332 | AZ12: 15294 | BA12: 1476 | BB12: 20484 | BC12: 1377 | BD12: 2346 | BE12: 286 | BF12: 3125 | BG12: 1580 | BH12: 2923 | BI12: 3219 | BJ12: 2259 | BK12: 3377 | BL12: 10974 | BM12: 191 | BN12: 169 | BO12: 178 | BP12: 773 | BQ12: 191 | BR12: 4081 | BS12: 611 | BT12: 4777 | BU12: 45169 | BV12: 565 | BW12: 1340 | BX12: 23 | BY12: 35703 | BZ12: 7536 | CA12: 516983
A13: Y2025 | B13: 62043 | C13: 1299 | D13: 27217 | E13: 3562 | F13: 1588 | G13: 16169 | H13: 7282 | I13: 263 | J13: 632 | K13: 1582 | L13: 2448 | M13: 3066 | N13: 3009 | O13: 58 | P13: 180651 | Q13: 546 | R13: 4616 | S13: 30 | T13: 1521 | U13: 274 | V13: 6053 | W13: 4863 | X13: 162034 | Y13: 711 | Z13: 140181 | AA13: 64478 | AB13: 14187 | AC13: 61513 | AD13: 1806 | AE13: 823 | AF13: 529 | AG13: 455 | AH13: 12141 | AI13: 251 | AJ13: 1050 | AK13: 1053 | AL13: 5138 | AM13: 1615 | AN13: 666 | AO13: 281 | AP13: 423 | AQ13: 1661 | AR13: 22719 | AS13: 108 | AT13: 345 | AU13: 77 | AV13: 871 | AW13: 375 | AX13: 480 | AY13: 1054 | AZ13: 17943 | BA13: 1465 | BB13: 22210 | BC13: 1598 | BD13: 2416 | BE13: 248 | BF13: 3253 | BG13: 1888 | BH13: 3236 | BI13: 3266 | BJ13: 2624 | BK13: 3685 | BL13: 11863 | BM13: 190 | BN13: 173 | BO13: 183 | BP13: 774 | BQ13: 187 | BR13: 4293 | BS13: 659 | BT13: 5399 | BU13: 66414 | BV13: 439 | BW13: 1873 | BX13: 17 | BY13: 59557 | BZ13: 4530 | CA13: 523098
BM37: x

Sheet Import-dataset
A1: Import | B1: 0 Food and live animals ; | C1: 00 Live animals (excl. fish (not marine mammals) crustaceans, molluscs and aquatic invertebrates of SITC Division 03) ; | D1: 01 Meat and meat preparations ; | E1: 02 Dairy products and birds’ eggs ; | F1: 03 Fish (excl. marine mammals) crustaceans, molluscs and aquatic invertebrates, and preparations thereof (excl. extracts and juices of fish, crustaceans, molluscs or other aquatic invertebrates, prepared or preserved of SITC 01710) ; | G1: 04 Cereals and cereal preparations ; | H1: 05 Vegetables and fruit ; | I1: 06 Sugars, sugar preparations and honey ; | J1: 07 Coffee, tea, cocoa, spices, and manufactures thereof ; | K1: 08 Feeding stuff for animals (excl. unmilled cereals) ; | L1: 09 Miscellaneous edible products and preparations ; | M1: 1 Beverages and tobacco ; | N1: 11 Beverages ; | O1: 12 Tobacco and tobacco manufactures ; | P1: 2 Crude materials, inedible, except fuels ; | Q1: 21 Hides, skins and furskins, raw ; | R1: 22 Oil-seeds and oleaginous fruits ; | S1: 23 Crude rubber (incl. synthetic and reclaimed) ; | T1: 24 Cork and wood ; | U1: 25 Pulp and waste paper ; | V1: 26 Textile fibres (excl. wool tops and other combed wool) and their wastes, not manufactured into yarn or fabric ; | W1: 27 Crude fertilizers (excl. those of Division 56) and crude minerals (excl. coal, petroleum and precious stones) ; | X1: 28 Metalliferous ores and metal scrap ; | Y1: 29 Crude animal and vegetable materials, nes ; | Z1: 3 Mineral fuels, lubricants and related materials ; | AA1: 32 Coal, coke and briquettes ; | AB1: 33 Petroleum, petroleum products and related materials ; | AC1: 34 Gas, natural and manufactured ; | AD1: 4 Animal and vegetable oils, fats and waxes ; | AE1: 41 Animal oils and fats ; | AF1: 42 Fixed vegetable fats and oils, crude, refined or fractionated ; | AG1: 43 Animal or vegetable fats and oils, processed; waxes of animal or vegetable origin; inedible mixtures or preparations of animal or vegetable fats or oils, nes ; | AH1: 5 Chemicals and related products, nes ; | AI1: 51 Organic chemicals ; | AJ1: 52 Inorganic chemicals ; | AK1: 53 Dyeing, tanning and colouring materials ; | AL1: 54 Medicinal and pharmaceutical products ; | AM1: 55 Essential oils and resinoids and perfume materials; toilet, polishing and cleansing preparations ; | AN1: 56 Fertilisers (excl. those of group 272) ; | AO1: 57 Plastics in primary forms ; | AP1: 58 Plastics in non-primary forms ; | AQ1: 59 Chemical materials and products, nes ; | AR1: 6 Manufactured goods classified chiefly by material ; | AS1: 61 Leather, leather manufactures, nes, and dressed furskins ; | AT1: 62 Rubber manufactures, nes ; | AU1: 63 Cork and wood manufactures (excl. furniture) ; | AV1: 64 Paper, paperboard and articles of paper pulp, of paper or of paperboard ; | AW1: 65 Textile yarn, fabrics, made-up articles nes, and related products ; | AX1: 66 Non-metallic mineral manufactures, nes ; | AY1: 67 Iron and steel ; | AZ1: 68 Non-ferrous metals ; | BA1: 69 Manufactures of metals, nes ; | BB1: 7 Machinery and transport equipment ; | BC1: 71 Power generating machinery and equipment ; | BD1: 72 Machinery specialized for particular industries ; | BE1: 73 Metalworking machinery ; | BF1: 74 General industrial machinery and equipment, nes, and machine parts, nes ; | BG1: 75 Office machines and automatic data processing machines ; | BH1: 76 Telecommunications and sound recording and reproducing apparatus and equipment ; | BI1: 77 Electrical machinery, apparatus and appliances, nes, and electrical parts thereof (incl. non electrical counterparts, nes, of electrical household type equipment) ; | BJ1: 78 Road vehicles (incl. air-cushion vehicles) ; | BK1: 79 Transport equipment (excl. road vehicles) ; | BL1: 8 Miscellaneous manufactured articles ; | BM1: 81 Prefabricated buildings and sanitary, plumbing, heating and lighting fixtures and fittings, nes ; | BN1: 82 Furniture and parts thereof; bedding, mattresses, mattress supports, cushions and similar stuffed furnishings ; | BO1: 83 Travel goods, handbags and similar containers ; | BP1: 84 Articles of apparel and clothing accessories ; | BQ1: 85 Footwear ; | BR1: 87 Professional, scientific and controlling instruments and apparatus, nes ; | BS1: 88 Photographic apparatus, equipment and supplies and optical goods, nes; watches and clocks ; | BT1: 89 Miscellaneous manufactured articles, nes ; | BU1: 9 Commodities and transactions not classified elsewhere in the SITC ; | BV1: 93 Special transactions and commodities not classified according to kind ; | BW1: 95 Gold coin whether or not legal tender, and other coin being legal tender ; | BX1: 96 Coin (excl. gold coin) not being legal tender ; | BY1: 97 Gold, non-monetary (excl. gold ores and concentrates) ; | BZ1: 98 Combined confidential items excluding some of SITC 28099 (exports only) and some of SITC 51099 (imports only) ; | CA1: -1 TOTAL ;
A2: Unit | B2: $ Millions | C2: $ Millions | D2: $ Millions | E2: $ Millions | F2: $ Millions | G2: $ Millions | H2: $ Millions | I2: $ Millions | J2: $ Millions | K2: $ Millions | L2: $ Millions | M2: $ Millions | N2: $ Millions | O2: $ Millions | P2: $ Millions | Q2: $ Millions | R2: $ Millions | S2: $ Millions | T2: $ Millions | U2: $ Millions | V2: $ Millions | W2: $ Millions | X2: $ Millions | Y2: $ Millions | Z2: $ Millions | AA2: $ Millions | AB2: $ Millions | AC2: $ Millions | AD2: $ Millions | AE2: $ Millions | AF2: $ Millions | AG2: $ Millions | AH2: $ Millions | AI2: $ Millions | AJ2: $ Millions | AK2: $ Millions | AL2: $ Millions | AM2: $ Millions | AN2: $ Millions | AO2: $ Millions | AP2: $ Millions | AQ2: $ Millions | AR2: $ Millions | AS2: $ Millions | AT2: $ Millions | AU2: $ Millions | AV2: $ Millions | AW2: $ Millions | AX2: $ Millions | AY2: $ Millions | AZ2: $ Millions | BA2: $ Millions | BB2: $ Millions | BC2: $ Millions | BD2: $ Millions | BE2: $ Millions | BF2: $ Millions | BG2: $ Millions | BH2: $ Millions | BI2: $ Millions | BJ2: $ Millions | BK2: $ Millions | BL2: $ Millions | BM2: $ Millions | BN2: $ Millions | BO2: $ Millions | BP2: $ Millions | BQ2: $ Millions | BR2: $ Millions | BS2: $ Millions | BT2: $ Millions | BU2: $ Millions | BV2: $ Millions | BW2: $ Millions | BX2: $ Millions | BY2: $ Millions | BZ2: $ Millions | CA2: $ Millions
A3: Series ID | B3: A1828644C | C3: A1828645F | D3: A1828646J | E3: A1828647K | F3: A1828648L | G3: A1828649R | H3: A1828650X | I3: A1828651A | J3: A1828652C | K3: A1828653F | L3: A1828654J | M3: A1828655K | N3: A1828656L | O3: A1828657R | P3: A1828658T | Q3: A1828659V | R3: A1828660C | S3: A1828661F | T3: A1828662J | U3: A1828663K | V3: A1828664L | W3: A1828665R | X3: A1828666T | Y3: A1828667V | Z3: A1828668W | AA3: A1828669X | AB3: A1828670J | AC3: A1828671K | AD3: A1828672L | AE3: A1828673R | AF3: A1828674T | AG3: A1828675V | AH3: A1828676W | AI3: A1828677X | AJ3: A1828678A | AK3: A1828679C | AL3: A1828680L | AM3: A1828681R | AN3: A1828682T | AO3: A1828683V | AP3: A1828684W | AQ3: A1828685X | AR3: A1828686A | AS3: A1828687C | AT3: A1828688F | AU3: A1828689J | AV3: A1828690T | AW3: A1828691V | AX3: A1828692W | AY3: A1828693X | AZ3: A1828694A | BA3: A1828695C | BB3: A1828696F | BC3: A1828697J | BD3: A1828698K | BE3: A1828699L | BF3: A1828700K | BG3: A1828701L | BH3: A1828702R | BI3: A1828703T | BJ3: A1828704V | BK3: A1828705W | BL3: A1828706X | BM3: A1828707A | BN3: A1828708C | BO3: A1828709F | BP3: A1828710R | BQ3: A1828711T | BR3: A1828712V | BS3: A1828713W | BT3: A1828714X | BU3: A1828715A | BV3: A1828716C | BW3: A1828717F | BX3: A1828718J | BY3: A1828719K | BZ3: A1828720V | CA3: A1828721W
A4: Y2016 | B4: 13977 | C4: 121 | D4: 780 | E4: 1075 | F4: 1852 | G4: 1265 | H4: 2601 | I4: 483 | J4: 1975 | K4: 919 | L4: 2908 | M4: 3271 | N4: 2241 | O4: 1027 | P4: 3206 | Q4: 5 | R4: 88 | S4: 102 | T4: 816 | U4: 212 | V4: 99 | W4: 311 | X4: 1017 | Y4: 551 | Z4: 23604 | AA4: 51 | AB4: 23315 | AC4: 238 | AD4: 700 | AE4: 61 | AF4: 596 | AG4: 44 | AH4: 27705 | AI4: 2410 | AJ4: 1567 | AK4: 997 | AL4: 11226 | AM4: 2938 | AN4: 1682 | AO4: 1958 | AP4: 1947 | AQ4: 2978 | AR4: 28223 | AS4: 164 | AT4: 3399 | AU4: 1305 | AV4: 2999 | AW4: 3577 | AX4: 3847 | AY4: 2532 | AZ4: 2691 | BA4: 7710 | BB4: 103332 | BC4: 4429 | BD4: 7665 | BE4: 595 | BF4: 14478 | BG4: 9773 | BH4: 14598 | BI4: 13089 | BJ4: 34412 | BK4: 4295 | BL4: 40365 | BM4: 1661 | BN4: 4276 | BO4: 1462 | BP4: 8611 | BQ4: 2202 | BR4: 6756 | BS4: 1853 | BT4: 13547 | BU4: 9962 | BV4: 4 | BW4: 41 | BX4: 7 | BY4: 7468 | BZ4: 2440 | CA4: 254345
A5: Y2017 | B5: 14304 | C5: 155 | D5: 833 | E5: 1321 | F5: 1950 | G5: 1309 | H5: 2684 | I5: 460 | J5: 2057 | K5: 939 | L5: 2593 | M5: 3285 | N5: 2280 | O5: 1006 | P5: 3544 | Q5: 3 | R5: 111 | S5: 165 | T5: 836 | U5: 232 | V5: 91 | W5: 286 | X5: 1221 | Y5: 597 | Z5: 29805 | AA5: 139 | AB5: 29365 | AC5: 303 | AD5: 702 | AE5: 56 | AF5: 591 | AG5: 53 | AH5: 28054 | AI5: 2363 | AJ5: 1578 | AK5: 1019 | AL5: 11138 | AM5: 3084 | AN5: 1640 | AO5: 2109 | AP5: 1994 | AQ5: 3131 | AR5: 28701 | AS5: 160 | AT5: 3580 | AU5: 1408 | AV5: 2935 | AW5: 3604 | AX5: 3794 | AY5: 3059 | AZ5: 2479 | BA5: 7685 | BB5: 117933 | BC5: 4763 | BD5: 8870 | BE5: 639 | BF5: 13380 | BG5: 10489 | BH5: 15584 | BI5: 14637 | BJ5: 37308 | BK5: 12266 | BL5: 40571 | BM5: 1629 | BN5: 4256 | BO5: 1537 | BP5: 8736 | BQ5: 2177 | BR5: 6544 | BS5: 1821 | BT5: 13867 | BU5: 21397 | BV5: 12 | BW5: 21 | BX5: 3 | BY5: 6220 | BZ5: 15140 | CA5: 288291
A6: Y2018 | B6: 15132 | C6: 168 | D6: 822 | E6: 1420 | F6: 2013 | G6: 1479 | H6: 2647 | I6: 483 | J6: 2031 | K6: 1100 | L6: 2970 | M6: 3541 | N6: 2480 | O6: 1063 | P6: 3985 | Q6: 2 | R6: 115 | S6: 160 | T6: 1041 | U6: 284 | V6: 99 | W6: 316 | X6: 1306 | Y6: 662 | Z6: 40512 | AA6: 178 | AB6: 39947 | AC6: 390 | AD6: 756 | AE6: 70 | AF6: 627 | AG6: 54 | AH6: 29837 | AI6: 2507 | AJ6: 1107 | AK6: 1111 | AL6: 11782 | AM6: 3595 | AN6: 1915 | AO6: 2460 | AP6: 2196 | AQ6: 3161 | AR6: 32443 | AS6: 154 | AT6: 3966 | AU6: 1596 | AV6: 3163 | AW6: 3816 | AX6: 4038 | AY6: 3901 | AZ6: 2775 | BA6: 9039 | BB6: 121404 | BC6: 5936 | BD6: 10484 | BE6: 751 | BF6: 14952 | BG6: 11907 | BH6: 17166 | BI6: 16823 | BJ6: 39091 | BK6: 4294 | BL6: 44299 | BM6: 1789 | BN6: 4874 | BO6: 1843 | BP6: 9479 | BQ6: 2324 | BR6: 7364 | BS6: 1934 | BT6: 14691 | BU6: 12140 | BV6: 5 | BW6: 30 | BX6: 7 | BY6: 6385 | BZ6: 5711 | CA6: 304050
A7: Y2019 | B7: 16938 | C7: 145 | D7: 1029 | E7: 1477 | F7: 2034 | G7: 1916 | H7: 2806 | I7: 485 | J7: 2131 | K7: 1238 | L7: 3678 | M7: 3798 | N7: 2688 | O7: 1113 | P7: 3138 | Q7: 7 | R7: 127 | S7: 147 | T7: 801 | U7: 260 | V7: 98 | W7: 286 | X7: 744 | Y7: 665 | Z7: 38794 | AA7: 203 | AB7: 38357 | AC7: 236 | AD7: 725 | AE7: 83 | AF7: 579 | AG7: 64 | AH7: 31024 | AI7: 2260 | AJ7: 1031 | AK7: 1084 | AL7: 13112 | AM7: 3865 | AN7: 2150 | AO7: 2211 | AP7: 2226 | AQ7: 3090 | AR7: 32286 | AS7: 143 | AT7: 4242 | AU7: 1517 | AV7: 3336 | AW7: 3834 | AX7: 4110 | AY7: 3271 | AZ7: 2874 | BA7: 8957 | BB7: 123286 | BC7: 6310 | BD7: 10688 | BE7: 864 | BF7: 15646 | BG7: 11737 | BH7: 17648 | BI7: 17451 | BJ7: 37286 | BK7: 5660 | BL7: 46308 | BM7: 1742 | BN7: 4983 | BO7: 1886 | BP7: 10205 | BQ7: 2564 | BR7: 7726 | BS7: 2078 | BT7: 15133 | BU7: 11251 | BV7: 5 | BW7: 33 | BX7: 2 | BY7: 6772 | BZ7: 4434 | CA7: 307549
A8: Y2020 | B8: 17607 | C8: 157 | D8: 905 | E8: 1589 | F8: 1882 | G8: 2088 | H8: 3107 | I8: 489 | J8: 2208 | K8: 1355 | L8: 3824 | M8: 3475 | N8: 2585 | O8: 891 | P8: 3257 | Q8: 7 | R8: 141 | S8: 122 | T8: 801 | U8: 240 | V8: 97 | W8: 298 | X8: 870 | Y8: 686 | Z8: 23108 | AA8: 148 | AB8: 22720 | AC8: 242 | AD8: 766 | AE8: 85 | AF8: 627 | AG8: 55 | AH8: 33291 | AI8: 2668 | AJ8: 1043 | AK8: 1084 | AL8: 13802 | AM8: 3970 | AN8: 2122 | AO8: 2138 | AP8: 2294 | AQ8: 4167 | AR8: 34399 | AS8: 135 | AT8: 4089 | AU8: 1419 | AV8: 3274 | AW8: 5896 | AX8: 3869 | AY8: 3134 | AZ8: 3596 | BA8: 8988 | BB8: 119746 | BC8: 5691 | BD8: 10600 | BE8: 751 | BF8: 15673 | BG8: 12455 | BH8: 17588 | BI8: 17885 | BJ8: 33502 | BK8: 5595 | BL8: 46038 | BM8: 1726 | BN8: 5224 | BO8: 1512 | BP8: 10186 | BQ8: 2107 | BR8: 7758 | BS8: 1879 | BT8: 15649 | BU8: 11914 | BV8: 2 | BW8: 60 | BX8: 12 | BY8: 9208 | BZ8: 2632 | CA8: 293603
A9: Y2021 | B9: 16410 | C9: 156 | D9: 966 | E9: 1438 | F9: 1874 | G9: 1727 | H9: 2837 | I9: 491 | J9: 2164 | K9: 1220 | L9: 3535 | M9: 3449 | N9: 2744 | O9: 704 | P9: 4247 | Q9: 2 | R9: 102 | S9: 134 | T9: 1051 | U9: 281 | V9: 115 | W9: 426 | X9: 1425 | Y9: 712 | Z9: 34552 | AA9: 200 | AB9: 34044 | AC9: 310 | AD9: 831 | AE9: 90 | AF9: 680 | AG9: 61 | AH9: 37021 | AI9: 3051 | AJ9: 1286 | AK9: 1152 | AL9: 14770 | AM9: 3861 | AN9: 3289 | AO9: 2677 | AP9: 2448 | AQ9: 4490 | AR9: 36977 | AS9: 174 | AT9: 4349 | AU9: 1678 | AV9: 3217 | AW9: 4692 | AX9: 4281 | AY9: 4050 | AZ9: 4056 | BA9: 10479 | BB9: 135405 | BC9: 5352 | BD9: 12971 | BE9: 971 | BF9: 16935 | BG9: 13204 | BH9: 17682 | BI9: 19654 | BJ9: 42876 | BK9: 5759 | BL9: 50131 | BM9: 1958 | BN9: 5647 | BO9: 1632 | BP9: 10984 | BQ9: 2411 | BR9: 8175 | BS9: 2067 | BT9: 17260 | BU9: 11211 | BV9: 4 | BW9: 56 | BX9: 11 | BY9: 6525 | BZ9: 4615 | CA9: 330234
A10: Y2022 | B10: 19518 | C10: 167 | D10: 1070 | E10: 1809 | F10: 2449 | G10: 2011 | H10: 3163 | I10: 565 | J10: 2566 | K10: 1660 | L10: 4063 | M10: 3850 | N10: 3170 | O10: 682 | P10: 4653 | Q10: 4 | R10: 135 | S10: 148 | T10: 1444 | U10: 365 | V10: 125 | W10: 604 | X10: 945 | Y10: 881 | Z10: 65806 | AA10: 375 | AB10: 65082 | AC10: 352 | AD10: 1094 | AE10: 128 | AF10: 888 | AG10: 76 | AH10: 51393 | AI10: 3755 | AJ10: 3401 | AK10: 1267 | AL10: 19106 | AM10: 4657 | AN10: 5706 | AO10: 3148 | AP10: 2866 | AQ10: 7484 | AR10: 44021 | AS10: 202 | AT10: 5123 | AU10: 2045 | AV10: 3802 | AW10: 5323 | AX10: 4835 | AY10: 5214 | AZ10: 5023 | BA10: 12450 | BB10: 156900 | BC10: 6250 | BD10: 15810 | BE10: 1095 | BF10: 19875 | BG10: 14727 | BH10: 20341 | BI10: 23299 | BJ10: 50050 | BK10: 5454 | BL10: 57476 | BM10: 2136 | BN10: 6266 | BO10: 2203 | BP10: 12829 | BQ10: 3104 | BR10: 9104 | BS10: 2481 | BT10: 19352 | BU10: 12292 | BV10: 3 | BW10: 80 | BX10: 17 | BY10: 6959 | BZ10: 5229 | CA10: 417002
A11: Y2023 | B11: 19684 | C11: 212 | D11: 1035 | E11: 2034 | F11: 2230 | G11: 2136 | H11: 3366 | I11: 611 | J11: 2582 | K11: 1438 | L11: 4035 | M11: 3518 | N11: 2928 | O11: 588 | P11: 3931 | Q11: 2 | R11: 120 | S11: 130 | T11: 841 | U11: 280 | V11: 119 | W11: 478 | X11: 1019 | Y11: 942 | Z11: 60651 | AA11: 306 | AB11: 60057 | AC11: 293 | AD11: 988 | AE11: 161 | AF11: 750 | AG11: 78 | AH11: 42831 | AI11: 2720 | AJ11: 2830 | AK11: 1148 | AL11: 17000 | AM11: 5168 | AN11: 3561 | AO11: 2728 | AP11: 2703 | AQ11: 4973 | AR11: 40640 | AS11: 176 | AT11: 5189 | AU11: 1733 | AV11: 3827 | AW11: 4277 | AX11: 4605 | AY11: 4746 | AZ11: 4174 | BA11: 11917 | BB11: 173355 | BC11: 7368 | BD11: 18321 | BE11: 1171 | BF11: 20852 | BG11: 12531 | BH11: 20204 | BI11: 23989 | BJ11: 62922 | BK11: 5995 | BL11: 55698 | BM11: 1960 | BN11: 5336 | BO11: 2249 | BP11: 12165 | BQ11: 2886 | BR11: 10010 | BS11: 2601 | BT11: 18494 | BU11: 12575 | BV11: 6 | BW11: 66 | BX11: 19 | BY11: 8565 | BZ11: 3917 | CA11: 413869
A12: Y2024 | B12: 22293 | C12: 201 | D12: 1251 | E12: 1935 | F12: 2405 | G12: 2526 | H12: 3913 | I12: 688 | J12: 3250 | K12: 1647 | L12: 4477 | M12: 3349 | N12: 2906 | O12: 441 | P12: 4119 | Q12: 6 | R12: 151 | S12: 141 | T12: 917 | U12: 276 | V12: 121 | W12: 362 | X12: 1143 | Y12: 1006 | Z12: 56749 | AA12: 260 | AB12: 56183 | AC12: 306 | AD12: 1257 | AE12: 204 | AF12: 973 | AG12: 78 | AH12: 45032 | AI12: 2723 | AJ12: 2683 | AK12: 1265 | AL12: 17012 | AM12: 5568 | AN12: 4652 | AO12: 2957 | AP12: 2840 | AQ12: 5337 | AR12: 43611 | AS12: 151 | AT12: 5553 | AU12: 1776 | AV12: 4210 | AW12: 4547 | AX12: 4461 | AY12: 5952 | AZ12: 4285 | BA12: 12677 | BB12: 180686 | BC12: 7929 | BD12: 15321 | BE12: 1101 | BF12: 23737 | BG12: 14902 | BH12: 20144 | BI12: 28336 | BJ12: 62025 | BK12: 7195 | BL12: 59310 | BM12: 1973 | BN12: 5994 | BO12: 2216 | BP12: 12814 | BQ12: 2948 | BR12: 10288 | BS12: 2713 | BT12: 20362 | BU12: 13470 | BV12: 1 | BW12: 57 | BX12: 18 | BY12: 9876 | BZ12: 3513 | CA12: 429873
A13: Y2025 | B13: 24515 | C13: 190 | D13: 1252 | E13: 2295 | F13: 2548 | G13: 2618 | H13: 4138 | I13: 715 | J13: 4510 | K13: 1518 | L13: 4731 | M13: 3378 | N13: 2913 | O13: 463 | P13: 5285 | Q13: 7 | R13: 145 | S13: 142 | T13: 953 | U13: 270 | V13: 127 | W13: 481 | X13: 2129 | Y13: 1030 | Z13: 53258 | AA13: 197 | AB13: 52742 | AC13: 317 | AD13: 1282 | AE13: 135 | AF13: 1052 | AG13: 94 | AH13: 47675 | AI13: 2807 | AJ13: 2888 | AK13: 1234 | AL13: 18490 | AM13: 5842 | AN13: 5109 | AO13: 2795 | AP13: 3004 | AQ13: 5504 | AR13: 45872 | AS13: 150 | AT13: 5746 | AU13: 1879 | AV13: 4117 | AW13: 4729 | AX13: 4671 | AY13: 5364 | AZ13: 5583 | BA13: 13641 | BB13: 190956 | BC13: 8883 | BD13: 14643 | BE13: 1058 | BF13: 23637 | BG13: 19183 | BH13: 21727 | BI13: 32803 | BJ13: 59473 | BK13: 9546 | BL13: 63028 | BM13: 2011 | BN13: 6346 | BO13: 2225 | BP13: 13100 | BQ13: 3120 | BR13: 10829 | BS13: 2808 | BT13: 22590 | BU13: 25622 | BV13: 6 | BW13: 71 | BX13: 22 | BY13: 20614 | BZ13: 4904 | CA13: 460866

Sheet Export statistical pattern
A1: Export | B1: 0 Food and live animals ; | C1: 00 Live animals (excl. fish (not marine mammals) crustaceans, molluscs and aquatic invertebrates of SITC Division 03) ; | D1: 01 Meat and meat preparations ; | E1: 02 Dairy products and birds’ eggs ; | F1: 03 Fish (excl. marine mammals) crustaceans, molluscs and aquatic invertebrates, and preparations thereof (excl. extracts and juices of fish, crustaceans, molluscs or other aquatic invertebrates, prepared or preserved of SITC 01710) ; | G1: 04 Cereals and cereal preparations ; | H1: 05 Vegetables and fruit ; | I1: 06 Sugars, sugar preparations and honey ; | J1: 07 Coffee, tea, cocoa, spices, and manufactures thereof ; | K1: 08 Feeding stuff for animals (excl. unmilled cereals) ; | L1: 09 Miscellaneous edible products and preparations ; | M1: 1 Beverages and tobacco ; | N1: 11 Beverages ; | O1: 12 Tobacco and tobacco manufactures ; | P1: 2 Crude materials, inedible, except fuels ; | Q1: 21 Hides, skins and furskins, raw ; | R1: 22 Oil-seeds and oleaginous fruits ; | S1: 23 Crude rubber (incl. synthetic and reclaimed) ; | T1: 24 Cork and wood ; | U1: 25 Pulp and waste paper ; | V1: 26 Textile fibres (excl. wool tops and other combed wool) and their wastes, not manufactured into yarn or fabric ; | W1: 27 Crude fertilizers (excl. those of Division 56) and crude minerals (excl. coal, petroleum and precious stones) ; | X1: 28 Metalliferous ores and metal scrap ; | Y1: 29 Crude animal and vegetable materials, nes ; | Z1: 3 Mineral fuels, lubricants and related materials ; | AA1: 32 Coal, coke and briquettes ; | AB1: 33 Petroleum, petroleum products and related materials ; | AC1: 34 Gas, natural and manufactured ; | AD1: 4 Animal and vegetable oils, fats and waxes ; | AE1: 41 Animal oils and fats ; | AF1: 42 Fixed vegetable fats and oils, crude, refined or fractionated ; | AG1: 43 Animal or vegetable fats and oils, processed; waxes of animal or vegetable origin; inedible mixtures or preparations of animal or vegetable fats or oils, nes ; | AH1: 5 Chemicals and related products, nes ; | AI1: 51 Organic chemicals ; | AJ1: 52 Inorganic chemicals ; | AK1: 53 Dyeing, tanning and colouring materials ; | AL1: 54 Medicinal and pharmaceutical products ; | AM1: 55 Essential oils and resinoids and perfume materials; toilet, polishing and cleansing preparations ; | AN1: 56 Fertilisers (excl. those of group 272) ; | AO1: 57 Plastics in primary forms ; | AP1: 58 Plastics in non-primary forms ; | AQ1: 59 Chemical materials and products, nes ; | AR1: 6 Manufactured goods classified chiefly by material ; | AS1: 61 Leather, leather manufactures, nes, and dressed furskins ; | AT1: 62 Rubber manufactures, nes ; | AU1: 63 Cork and wood manufactures (excl. furniture) ; | AV1: 64 Paper, paperboard and articles of paper pulp, of paper or of paperboard ; | AW1: 65 Textile yarn, fabrics, made-up articles nes, and related products ; | AX1: 66 Non-metallic mineral manufactures, nes ; | AY1: 67 Iron and steel ; | AZ1: 68 Non-ferrous metals ; | BA1: 69 Manufactures of metals, nes ; | BB1: 7 Machinery and transport equipment ; | BC1: 71 Power generating machinery and equipment ; | BD1: 72 Machinery specialized for particular industries ; | BE1: 73 Metalworking machinery ; | BF1: 74 General industrial machinery and equipment, nes, and machine parts, nes ; | BG1: 75 Office machines and automatic data processing machines ; | BH1: 76 Telecommunications and sound recording and reproducing apparatus and equipment ; | BI1: 77 Electrical machinery, apparatus and appliances, nes, and electrical parts thereof (incl. non electrical counterparts, nes, of electrical household type equipment) ; | BJ1: 78 Road vehicles (incl. air-cushion vehicles) ; | BK1: 79 Transport equipment (excl. road vehicles) ; | BL1: 8 Miscellaneous manufactured articles ; | BM1: 81 Prefabricated buildings and sanitary, plumbing, heating and lighting fixtures and fittings, nes ; | BN1: 82 Furniture and parts thereof; bedding, mattresses, mattress supports, cushions and similar stuffed furnishings ; | BO1: 83 Travel goods, handbags and similar containers ; | BP1: 84 Articles of apparel and clothing accessories ; | BQ1: 85 Footwear ; | BR1: 87 Professional, scientific and controlling instruments and apparatus, nes ; | BS1: 88 Photographic apparatus, equipment and supplies and optical goods, nes; watches and clocks ; | BT1: 89 Miscellaneous manufactured articles, nes ; | BU1: 9 Commodities and transactions not classified elsewhere in the SITC ; | BV1: 93 Special transactions and commodities not classified according to kind ; | BW1: 95 Gold coin whether or not legal tender, and other coin being legal tender ; | BX1: 96 Coin (excl. gold coin) not being legal tender ; | BY1: 97 Gold, non-monetary (excl. gold ores and concentrates) ; | BZ1: 98 Combined confidential items excluding some of SITC 28099 (exports only) and some of SITC 51099 (imports only) ; | CA1: -1 TOTAL ;
A2: Unit | B2: $ Millions | C2: $ Millions | D2: $ Millions | E2: $ Millions | F2: $ Millions | G2: $ Millions | H2: $ Millions | I2: $ Millions | J2: $ Millions | K2: $ Millions | L2: $ Millions | M2: $ Millions | N2: $ Millions | O2: $ Millions | P2: $ Millions | Q2: $ Millions | R2: $ Millions | S2: $ Millions | T2: $ Millions | U2: $ Millions | V2: $ Millions | W2: $ Millions | X2: $ Millions | Y2: $ Millions | Z2: $ Millions | AA2: $ Millions | AB2: $ Millions | AC2: $ Millions | AD2: $ Millions | AE2: $ Millions | AF2: $ Millions | AG2: $ Millions | AH2: $ Millions | AI2: $ Millions | AJ2: $ Millions | AK2: $ Millions | AL2: $ Millions | AM2: $ Millions | AN2: $ Millions | AO2: $ Millions | AP2: $ Millions | AQ2: $ Millions | AR2: $ Millions | AS2: $ Millions | AT2: $ Millions | AU2: $ Millions | AV2: $ Millions | AW2: $ Millions | AX2: $ Millions | AY2: $ Millions | AZ2: $ Millions | BA2: $ Millions | BB2: $ Millions | BC2: $ Millions | BD2: $ Millions | BE2: $ Millions | BF2: $ Millions | BG2: $ Millions | BH2: $ Millions | BI2: $ Millions | BJ2: $ Millions | BK2: $ Millions | BL2: $ Millions | BM2: $ Millions | BN2: $ Millions | BO2: $ Millions | BP2: $ Millions | BQ2: $ Millions | BR2: $ Millions | BS2: $ Millions | BT2: $ Millions | BU2: $ Millions | BV2: $ Millions | BW2: $ Millions | BX2: $ Millions | BY2: $ Millions | BZ2: $ Millions | CA2: $ Millions
A3: Series ID | B3: A1827804K | C3: A1827805L | D3: A1827806R | E3: A1827807T | F3: A1827808V | G3: A1827809W | H3: A1827810F | I3: A1827811J | J3: A1827812K | K3: A1827813L | L3: A1827814R | M3: A1827815T | N3: A1827816V | O3: A1827817W | P3: A1827818X | Q3: A1827819A | R3: A1827820K | S3: A1827821L | T3: A1827822R | U3: A1827823T | V3: A1827824V | W3: A1827825W | X3: A1827826X | Y3: A1827827A | Z3: A1827828C | AA3: A1827829F | AB3: A1827830R | AC3: A1827831T | AD3: A1827832V | AE3: A1827833W | AF3: A1827834X | AG3: A1827835A | AH3: A1827836C | AI3: A1827837F | AJ3: A1827838J | AK3: A1827839K | AL3: A1827840V | AM3: A1827841W | AN3: A1827842X | AO3: A1827843A | AP3: A1827844C | AQ3: A1827845F | AR3: A1827846J | AS3: A1827847K | AT3: A1827848L | AU3: A1827849R | AV3: A1827850X | AW3: A1827851A | AX3: A1827852C | AY3: A1827853F | AZ3: A1827854J | BA3: A1827855K | BB3: A1827856L | BC3: A1827857R | BD3: A1827858T | BE3: A1827859V | BF3: A1827860C | BG3: A1827861F | BH3: A1827862J | BI3: A1827863K | BJ3: A1827864L | BK3: A1827865R | BL3: A1827866T | BM3: A1827867V | BN3: A1827868W | BO3: A1827869X | BP3: A1827870J | BQ3: A1827871K | BR3: A1827872L | BS3: A1827873R | BT3: A1827874T | BU3: A1827875V | BV3: A1827876W | BW3: A1827877X | BX3: A1827878A | BY3: A1827879C | BZ3: A1827880L | CA3: A1827881R
A4: Y2016 | B4: 32621 | C4: 1874 | D4: 11088 | E4: 2208 | F4: 1379 | G4: 7580 | H4: 4153 | I4: 319 | J4: 363 | K4: 1174 | L4: 2478 | M4: 2679 | N4: 2610 | O4: 68 | P4: 83621 | Q4: 827 | R4: 1415 | S4: 7 | T4: 1769 | U4: 242 | V4: 4722 | W4: 665 | X4: 73494 | Y4: 476 | Z4: 67702 | AA4: 42273 | AB4: 6946 | AC4: 18480 | AD4: 675 | AE4: 422 | AF4: 217 | AG4: 37 | AH4: 8367 | AI4: 227 | AJ4: 657 | AK4: 847 | AL4: 3486 | AM4: 985 | AN4: 369 | AO4: 315 | AP4: 418 | AQ4: 1065 | AR4: 13406 | AS4: 184 | AT4: 246 | AU4: 111 | AV4: 984 | AW4: 268 | AX4: 1060 | AY4: 602 | AZ4: 8842 | BA4: 1107 | BB4: 15387 | BC4: 872 | BD4: 1872 | BE4: 161 | BF4: 2269 | BG4: 1542 | BH4: 1752 | BI4: 1691 | BJ4: 2940 | BK4: 2290 | BL4: 6558 | BM4: 136 | BN4: 133 | BO4: 64 | BP4: 328 | BQ4: 92 | BR4: 2532 | BS4: 409 | BT4: 2862 | BU4: 27452 | BV4: 1563 | BW4: 989 | BX4: 1 | BY4: 18857 | BZ4: 6043 | CA4: 258469
A5: Y2017 | B5: 36596 | C5: 1618 | D5: 11834 | E5: 2345 | F5: 1424 | G5: 9336 | H5: 5099 | I5: 330 | J5: 369 | K5: 1230 | L5: 3011 | M5: 3031 | N5: 2962 | O5: 67 | P5: 99473 | Q5: 808 | R5: 1906 | S5: 0 | T5: 1975 | U5: 277 | V5: 5852 | W5: 1575 | X5: 86583 | Y5: 496 | Z5: 91149 | AA5: 57133 | AB5: 7662 | AC5: 26355 | AD5: 680 | AE5: 390 | AF5: 241 | AG5: 49 | AH5: 8643 | AI5: 199 | AJ5: 702 | AK5: 959 | AL5: 3478 | AM5: 1180 | AN5: 265 | AO5: 339 | AP5: 443 | AQ5: 1072 | AR5: 14749 | AS5: 166 | AT5: 294 | AU5: 115 | AV5: 1013 | AW5: 274 | AX5: 902 | AY5: 917 | AZ5: 9957 | BA5: 1114 | BB5: 14638 | BC5: 742 | BD5: 1886 | BE5: 188 | BF5: 2191 | BG5: 1226 | BH5: 2012 | BI5: 1847 | BJ5: 2264 | BK5: 2283 | BL5: 6857 | BM5: 144 | BN5: 141 | BO5: 70 | BP5: 328 | BQ5: 115 | BR5: 2619 | BS5: 427 | BT5: 3017 | BU5: 25523 | BV5: 1474 | BW5: 677 | BX5: 1 | BY5: 17620 | BZ5: 5749 | CA5: 301334
A6: Y2018 | B6: 35271 | C6: 1825 | D6: 13605 | E6: 2481 | F6: 1469 | G6: 7326 | H6: 3567 | I6: 300 | J6: 393 | K6: 1359 | L6: 2946 | M6: 3377 | N6: 3318 | O6: 59 | P6: 106879 | Q6: 731 | R6: 1398 | S6: 15 | T6: 2218 | U6: 238 | V6: 6474 | W6: 2110 | X6: 93112 | Y6: 584 | Z6: 122269 | AA6: 66848 | AB6: 11191 | AC6: 44229 | AD6: 663 | AE6: 368 | AF6: 240 | AG6: 55 | AH6: 10510 | AI6: 201 | AJ6: 937 | AK6: 1029 | AL6: 4750 | AM6: 1346 | AN6: 320 | AO6: 298 | AP6: 443 | AQ6: 1185 | AR6: 17031 | AS6: 166 | AT6: 307 | AU6: 97 | AV6: 1145 | AW6: 273 | AX6: 927 | AY6: 1029 | AZ6: 11823 | BA6: 1265 | BB6: 15352 | BC6: 939 | BD6: 1833 | BE6: 275 | BF6: 2296 | BG6: 1284 | BH6: 2008 | BI6: 2078 | BJ6: 1693 | BK6: 2945 | BL6: 7288 | BM6: 162 | BN6: 152 | BO6: 80 | BP6: 336 | BQ6: 124 | BR6: 2765 | BS6: 440 | BT6: 3231 | BU6: 25975 | BV6: 1371 | BW6: 814 | BX6: 0 | BY6: 19136 | BZ6: 4651 | CA6: 344615
A7: Y2019 | B7: 37649 | C7: 2126 | D7: 16462 | E7: 2488 | F7: 1529 | G7: 5891 | H7: 4112 | I7: 268 | J7: 425 | K7: 1374 | L7: 2977 | M7: 3582 | N7: 3523 | O7: 59 | P7: 136415 | Q7: 579 | R7: 1051 | S7: 20 | T7: 2225 | U7: 183 | V7: 4844 | W7: 1717 | X7: 125211 | Y7: 584 | Z7: 126288 | AA7: 63941 | AB7: 12224 | AC7: 50124 | AD7: 647 | AE7: 359 | AF7: 243 | AG7: 47 | AH7: 11971 | AI7: 212 | AJ7: 754 | AK7: 1008 | AL7: 6249 | AM7: 1532 | AN7: 262 | AO7: 328 | AP7: 397 | AQ7: 1225 | AR7: 17567 | AS7: 141 | AT7: 325 | AU7: 108 | AV7: 1094 | AW7: 305 | AX7: 1005 | AY7: 1217 | AZ7: 11999 | BA7: 1372 | BB7: 16992 | BC7: 1064 | BD7: 1961 | BE7: 192 | BF7: 2456 | BG7: 1410 | BH7: 2657 | BI7: 2131 | BJ7: 1919 | BK7: 3208 | BL7: 8208 | BM7: 157 | BN7: 182 | BO7: 94 | BP7: 377 | BQ7: 122 | BR7: 3906 | BS7: 466 | BT7: 2901 | BU7: 30661 | BV7: 1239 | BW7: 861 | BX7: 0 | BY7: 23372 | BZ7: 5188 | CA7: 389981
A8: Y2020 | B8: 35628 | C8: 1949 | D8: 14705 | E8: 2544 | F8: 1229 | G8: 6440 | H8: 4127 | I8: 283 | J8: 447 | K8: 1310 | L8: 2591 | M8: 3283 | N8: 3246 | O8: 37 | P8: 151968 | Q8: 414 | R8: 1183 | S8: 10 | T8: 1669 | U8: 172 | V8: 2739 | W8: 1163 | X8: 144068 | Y8: 551 | Z8: 88821 | AA8: 43367 | AB8: 7755 | AC8: 37699 | AD8: 761 | AE8: 444 | AF8: 282 | AG8: 33 | AH8: 11092 | AI8: 227 | AJ8: 641 | AK8: 894 | AL8: 5547 | AM8: 1590 | AN8: 330 | AO8: 232 | AP8: 311 | AQ8: 1325 | AR8: 14708 | AS8: 112 | AT8: 260 | AU8: 103 | AV8: 934 | AW8: 276 | AX8: 736 | AY8: 920 | AZ8: 10215 | BA8: 1154 | BB8: 14678 | BC8: 1068 | BD8: 1769 | BE8: 138 | BF8: 2164 | BG8: 1300 | BH8: 2251 | BI8: 2006 | BJ8: 1598 | BK8: 2387 | BL8: 7376 | BM8: 161 | BN8: 136 | BO8: 112 | BP8: 387 | BQ8: 129 | BR8: 3526 | BS8: 432 | BT8: 2494 | BU8: 34408 | BV8: 1063 | BW8: 1303 | BX8: 2 | BY8: 25492 | BZ8: 6551 | CA8: 362728
A9: Y2021 | B9: 43540 | C9: 1646 | D9: 14801 | E9: 2947 | F9: 1207 | G9: 14105 | H9: 4512 | I9: 318 | J9: 476 | K9: 1424 | L9: 2105 | M9: 2523 | N9: 2503 | O9: 21 | P9: 198179 | Q9: 504 | R9: 3166 | S9: 11 | T9: 1338 | U9: 266 | V9: 5081 | W9: 1948 | X9: 185259 | Y9: 613 | Z9: 126395 | AA9: 63504 | AB9: 11715 | AC9: 51179 | AD9: 1085 | AE9: 669 | AF9: 360 | AG9: 54 | AH9: 10052 | AI9: 239 | AJ9: 808 | AK9: 1036 | AL9: 3630 | AM9: 1663 | AN9: 490 | AO9: 368 | AP9: 345 | AQ9: 1474 | AR9: 16703 | AS9: 160 | AT9: 257 | AU9: 96 | AV9: 948 | AW9: 333 | AX9: 570 | AY9: 793 | AZ9: 12328 | BA9: 1220 | BB9: 14728 | BC9: 872 | BD9: 1678 | BE9: 175 | BF9: 2230 | BG9: 1376 | BH9: 2331 | BI9: 2227 | BJ9: 1853 | BK9: 1988 | BL9: 8036 | BM9: 203 | BN9: 145 | BO9: 116 | BP9: 480 | BQ9: 119 | BR9: 3875 | BS9: 453 | BT9: 2646 | BU9: 36933 | BV9: 1789 | BW9: 2576 | BX9: 2 | BY9: 23281 | BZ9: 9283 | CA9: 458168
A10: Y2022 | B10: 53122 | C10: 1518 | D10: 16600 | E10: 3385 | F10: 1205 | G10: 20672 | H10: 5027 | I10: 321 | J10: 517 | K10: 1719 | L10: 2160 | M10: 2572 | N10: 2553 | O10: 19 | P10: 188296 | Q10: 454 | R10: 7762 | S10: 9 | T10: 1523 | U10: 307 | V10: 7710 | W10: 12384 | X10: 157451 | Y10: 692 | Z10: 251334 | AA10: 142345 | AB10: 17341 | AC10: 91648 | AD10: 1682 | AE10: 1080 | AF10: 538 | AG10: 64 | AH10: 12575 | AI10: 245 | AJ10: 1675 | AK10: 1068 | AL10: 4328 | AM10: 1768 | AN10: 731 | AO10: 303 | AP10: 451 | AQ10: 2007 | AR10: 19431 | AS10: 148 | AT10: 363 | AU10: 96 | AV10: 1014 | AW10: 356 | AX10: 604 | AY10: 1340 | AZ10: 14078 | BA10: 1430 | BB10: 16516 | BC10: 1027 | BD10: 1911 | BE10: 260 | BF10: 2489 | BG10: 1545 | BH10: 2337 | BI10: 2692 | BJ10: 2013 | BK10: 2245 | BL10: 9077 | BM10: 175 | BN10: 166 | BO10: 201 | BP10: 649 | BQ10: 141 | BR10: 4409 | BS10: 506 | BT10: 2834 | BU10: 39255 | BV10: 764 | BW10: 3046 | BX10: 9 | BY10: 23514 | BZ10: 11921 | CA10: 593865
A11: Y2023 | B11: 54749 | C11: 1236 | D11: 17798 | E11: 3000 | F11: 1346 | G11: 20628 | H11: 5891 | I11: 297 | J11: 509 | K11: 1737 | L11: 2314 | M11: 2548 | N11: 2524 | O11: 24 | P11: 202961 | Q11: 451 | R11: 5508 | S11: 14 | T11: 1435 | U11: 203 | V11: 7407 | W11: 19055 | X11: 168243 | Y11: 650 | Z11: 195549 | AA11: 103331 | AB11: 15760 | AC11: 76456 | AD11: 1609 | AE11: 1053 | AF11: 420 | AG11: 136 | AH11: 11484 | AI11: 221 | AJ11: 1264 | AK11: 920 | AL11: 4754 | AM11: 1686 | AN11: 338 | AO11: 277 | AP11: 385 | AQ11: 1643 | AR11: 19357 | AS11: 109 | AT11: 397 | AU11: 98 | AV11: 888 | AW11: 364 | AX11: 854 | AY11: 1256 | AZ11: 13950 | BA11: 1442 | BB11: 18604 | BC11: 1303 | BD11: 2113 | BE11: 272 | BF11: 3044 | BG11: 1489 | BH11: 2677 | BI11: 2954 | BJ11: 2180 | BK11: 2574 | BL11: 10517 | BM11: 170 | BN11: 188 | BO11: 188 | BP11: 706 | BQ11: 181 | BR11: 4871 | BS11: 576 | BT11: 3636 | BU11: 41247 | BV11: 612 | BW11: 2011 | BX11: 11 | BY11: 28352 | BZ11: 10257 | CA11: 558623
A12: Y2024 | B12: 52562 | C12: 1117 | D12: 21317 | E12: 3425 | F12: 1219 | G12: 13747 | H12: 7067 | I12: 298 | J12: 549 | K12: 1573 | L12: 2253 | M12: 3179 | N12: 3159 | O12: 20 | P12: 179588 | Q12: 532 | R12: 5005 | S12: 20 | T12: 1424 | U12: 242 | V12: 6498 | W12: 5137 | X12: 160100 | Y12: 635 | Z12: 170842 | AA12: 85445 | AB12: 15713 | AC12: 69682 | AD12: 1397 | AE12: 865 | AF12: 416 | AG12: 118 | AH12: 12272 | AI12: 215 | AJ12: 946 | AK12: 1162 | AL12: 5387 | AM12: 1705 | AN12: 437 | AO12: 294 | AP12: 412 | AQ12: 1718 | AR12: 20515 | AS12: 112 | AT12: 331 | AU12: 97 | AV12: 891 | AW12: 392 | AX12: 590 | AY12: 1332 | AZ12: 15294 | BA12: 1476 | BB12: 20484 | BC12: 1377 | BD12: 2346 | BE12: 286 | BF12: 3125 | BG12: 1580 | BH12: 2923 | BI12: 3219 | BJ12: 2259 | BK12: 3377 | BL12: 10974 | BM12: 191 | BN12: 169 | BO12: 178 | BP12: 773 | BQ12: 191 | BR12: 4081 | BS12: 611 | BT12: 4777 | BU12: 45169 | BV12: 565 | BW12: 1340 | BX12: 23 | BY12: 35703 | BZ12: 7536 | CA12: 516983
A13: Y2025 | B13: 62043 | C13: 1299 | D13: 27217 | E13: 3562 | F13: 1588 | G13: 16169 | H13: 7282 | I13: 263 | J13: 632 | K13: 1582 | L13: 2448 | M13: 3066 | N13: 3009 | O13: 58 | P13: 180651 | Q13: 546 | R13: 4616 | S13: 30 | T13: 1521 | U13: 274 | V13: 6053 | W13: 4863 | X13: 162034 | Y13: 711 | Z13: 140181 | AA13: 64478 | AB13: 14187 | AC13: 61513 | AD13: 1806 | AE13: 823 | AF13: 529 | AG13: 455 | AH13: 12141 | AI13: 251 | AJ13: 1050 | AK13: 1053 | AL13: 5138 | AM13: 1615 | AN13: 666 | AO13: 281 | AP13: 423 | AQ13: 1661 | AR13: 22719 | AS13: 108 | AT13: 345 | AU13: 77 | AV13: 871 | AW13: 375 | AX13: 480 | AY13: 1054 | AZ13: 17943 | BA13: 1465 | BB13: 22210 | BC13: 1598 | BD13: 2416 | BE13: 248 | BF13: 3253 | BG13: 1888 | BH13: 3236 | BI13: 3266 | BJ13: 2624 | BK13: 3685 | BL13: 11863 | BM13: 190 | BN13: 173 | BO13: 183 | BP13: 774 | BQ13: 187 | BR13: 4293 | BS13: 659 | BT13: 5399 | BU13: 66414 | BV13: 439 | BW13: 1873 | BX13: 17 | BY13: 59557 | BZ13: 4530 | CA13: 523098
A16: Export % | B16: 0 Food and live animals ; | C16: 00 Live animals (excl. fish (not marine mammals) crustaceans, molluscs and aquatic invertebrates of SITC Division 03) ; | D16: 01 Meat and meat preparations ; | E16: 02 Dairy products and birds’ eggs ; | F16: 03 Fish (excl. marine mammals) crustaceans, molluscs and aquatic invertebrates, and preparations thereof (excl. extracts and juices of fish, crustaceans, molluscs or other aquatic invertebrates, prepared or preserved of SITC 01710) ; | G16: 04 Cereals and cereal preparations ; | H16: 05 Vegetables and fruit ; | I16: 06 Sugars, sugar preparations and honey ; | J16: 07 Coffee, tea, cocoa, spices, and manufactures thereof ; | K16: 08 Feeding stuff for animals (excl. unmilled cereals) ; | L16: 09 Miscellaneous edible products and preparations ; | M16: 1 Beverages and tobacco ; | N16: 11 Beverages ; | O16: 12 Tobacco and tobacco manufactures ; | P16: 2 Crude materials, inedible, except fuels ; | Q16: 21 Hides, skins and furskins, raw ; | R16: 22 Oil-seeds and oleaginous fruits ; | S16: 23 Crude rubber (incl. synthetic and reclaimed) ; | T16: 24 Cork and wood ; | U16: 25 Pulp and waste paper ; | V16: 26 Textile fibres (excl. wool tops and other combed wool) and their wastes, not manufactured into yarn or fabric ; | W16: 27 Crude fertilizers (excl. those of Division 56) and crude minerals (excl. coal, petroleum and precious stones) ; | X16: 28 Metalliferous ores and metal scrap ; | Y16: 29 Crude animal and vegetable materials, nes ; | Z16: 3 Mineral fuels, lubricants and related materials ; | AA16: 32 Coal, coke and briquettes ; | AB16: 33 Petroleum, petroleum products and related materials ; | AC16: 34 Gas, natural and manufactured ; | AD16: 4 Animal and vegetable oils, fats and waxes ; | AE16: 41 Animal oils and fats ; | AF16: 42 Fixed vegetable fats and oils, crude, refined or fractionated ; | AG16: 43 Animal or vegetable fats and oils, processed; waxes of animal or vegetable origin; inedible mixtures or preparations of animal or vegetable fats or oils, nes ; | AH16: 5 Chemicals and related products, nes ; | AI16: 51 Organic chemicals ; | AJ16: 52 Inorganic chemicals ; | AK16: 53 Dyeing, tanning and colouring materials ; | AL16: 54 Medicinal and pharmaceutical products ; | AM16: 55 Essential oils and resinoids and perfume materials; toilet, polishing and cleansing preparations ; | AN16: 56 Fertilisers (excl. those of group 272) ; | AO16: 57 Plastics in primary forms ; | AP16: 58 Plastics in non-primary forms ; | AQ16: 59 Chemical materials and products, nes ; | AR16: 6 Manufactured goods classified chiefly by material ; | AS16: 61 Leather, leather manufactures, nes, and dressed furskins ; | AT16: 62 Rubber manufactures, nes ; | AU16: 63 Cork and wood manufactures (excl. furniture) ; | AV16: 64 Paper, paperboard and articles of paper pulp, of paper or of paperboard ; | AW16: 65 Textile yarn, fabrics, made-up articles nes, and related products ; | AX16: 66 Non-metallic mineral manufactures, nes ; | AY16: 67 Iron and steel ; | AZ16: 68 Non-ferrous metals ; | BA16: 69 Manufactures of metals, nes ; | BB16: 7 Machinery and transport equipment ; | BC16: 71 Power generating machinery and equipment ; | BD16: 72 Machinery specialized for particular industries ; | BE16: 73 Metalworking machinery ; | BF16: 74 General industrial machinery and equipment, nes, and machine parts, nes ; | BG16: 75 Office machines and automatic data processing machines ; | BH16: 76 Telecommunications and sound recording and reproducing apparatus and equipment ; | BI16: 77 Electrical machinery, apparatus and appliances, nes, and electrical parts thereof (incl. non electrical counterparts, nes, of electrical household type equipment) ; | BJ16: 78 Road vehicles (incl. air-cushion vehicles) ; | BK16: 79 Transport equipment (excl. road vehicles) ; | BL16: 8 Miscellaneous manufactured articles ; | BM16: 81 Prefabricated buildings and sanitary, plumbing, heating and lighting fixtures and fittings, nes ; | BN16: 82 Furniture and parts thereof; bedding, mattresses, mattress supports, cushions and similar stuffed furnishings ; | BO16: 83 Travel goods, handbags and similar containers ; | BP16: 84 Articles of apparel and clothing accessories ; | BQ16: 85 Footwear ; | BR16: 87 Professional, scientific and controlling instruments and apparatus, nes ; | BS16: 88 Photographic apparatus, equipment and supplies and optical goods, nes; watches and clocks ; | BT16: 89 Miscellaneous manufactured articles, nes ; | BU16: 9 Commodities and transactions not classified elsewhere in the SITC ; | BV16: 93 Special transactions and commodities not classified according to kind ; | BW16: 95 Gold coin whether or not legal tender, and other coin being legal tender ; | BX16: 96 Coin (excl. gold coin) not being legal tender ; | BY16: 97 Gold, non-monetary (excl. gold ores and concentrates) ; | BZ16: 98 Combined confidential items excluding some of SITC 28099 (exports only) and some of SITC 51099 (imports only) ; | CA16: -1 TOTAL ;
A17: Y2016 | B17: =B4/$CA4 -> 0.12620856 | C17: =C4/$B4 -> 0.057447656 | D17: =D4/$B4 -> 0.33990374 | E17: =E4/$B4 -> 0.06768646 | F17: =F4/$B4 -> 0.042273382 | G17: =G4/$B4 -> 0.23236565 | H17: =H4/$B4 -> 0.12731063 | I17: =I4/$B4 -> 0.0097789767 | J17: =J4/$B4 -> 0.011127801 | ... L17: =L4/$B4 -> 0.075963337 | M17: =M4/$CA4 -> 0.010364879 | N17: =N4/$M4 -> 0.97424412 | O17: =O4/$M4 -> 0.025382605 | P17: =P4/$CA4 -> 0.32352429 | Q17: =Q4/$P4 -> 0.0098898602 | R17: =R4/$P4 -> 0.016921587 | S17: =S4/$P4 -> 8.371103e-05 | T17: =T4/$P4 -> 0.021154973 | U17: =U4/$P4 -> 0.0028940099 | V17: =V4/$P4 -> 0.056469069 | W17: =W4/$P4 -> 0.0079525478 | X17: =X4/$P4 -> 0.87889406 | Y17: =Y4/$P4 -> 0.00569235 | Z17: =Z4/$CA4 -> 0.2619347 | AA17: =AA4/$Z4 -> 0.6243981 | AB17: =AB4/$Z4 -> 0.10259667 | AC17: =AC4/$Z4 -> 0.27296092 | AD17: =AD4/$CA4 -> 0.0026115318 | AE17: =AE4/$AD4 -> 0.62518519 | AF17: =AF4/$AD4 -> 0.32148148 | AG17: =AG4/$AD4 -> 0.054814815 | AH17: =AH4/$CA4 -> 0.032371387 | AI17: =AI4/$AH4 -> 0.027130393 | AJ17: =AJ4/$AH4 -> 0.078522768 | AK17: =AK4/$AH4 -> 0.10123103 | AL17: =AL4/$AH4 -> 0.41663679 | AM17: =AM4/$AH4 -> 0.11772439 | AN17: =AN4/$AH4 -> 0.044101829 | AO17: =AO4/$AH4 -> 0.037647902 | AP17: =AP4/$AH4 -> 0.049958169 | AQ17: =AQ4/$AH4 -> 0.12728577 | AR17: =AR4/$CA4 -> 0.051866955 | AS17: =AS4/$AR4 -> 0.013725198 | AT17: =AT4/$AR4 -> 0.018349993 | AU17: =AU4/$AR4 -> 0.0082798747 | AV17: =AV4/$AR4 -> 0.07339997 | AW17: =AW4/$AR4 -> 0.019991049 | AX17: =AX4/$AR4 -> 0.079069074 | AY17: =AY4/$AR4 -> 0.044905266 | AZ17: =AZ4/$AR4 -> 0.65955542 | BA17: =BA4/$AR4 -> 0.082574966 | BB17: =BB4/$CA4 -> 0.059531317 | BC17: =BC4/$BB4 -> 0.056671216 | BD17: =BD4/$BB4 -> 0.12166114 | BE17: =BE4/$BB4 -> 0.010463378 | BF17: =BF4/$BB4 -> 0.14746214 | BG17: =BG4/$BB4 -> 0.10021447 | BH17: =BH4/$BB4 -> 0.11386235 | BI17: =BI4/$BB4 -> 0.10989797 | BJ17: =BJ4/$BB4 -> 0.19107038 | BK17: =BK4/$BB4 -> 0.14882693 | BL17: =BL4/$CA4 -> 0.025372482 | BM17: =BM4/$BL4 -> 0.02073803 | BN17: =BN4/$BL4 -> 0.020280573 | BO17: =BO4/$BL4 -> 0.0097590729 | BP17: =BP4/$BL4 -> 0.050015249 | BQ17: =BQ4/$BL4 -> 0.014028667 | BR17: =BR4/$BL4 -> 0.38609332 | BS17: =BS4/$BL4 -> 0.062366575 | BT17: =BT4/$BL4 -> 0.43641354 | BU17: =BU4/$CA4 -> 0.10621003 | BV17: =BV4/$BU4 -> 0.056935742 | BW17: =BW4/$BU4 -> 0.036026519 | BX17: =BX4/$BU4 -> 3.6427218e-05 | BY17: =BY4/$BU4 -> 0.68690806 | BZ17: =BZ4/$BU4 -> 0.22012968 | CA17: =SUM(B17,M17,P17,Z17,AD17,AH17,AR17,BB17,BL17,BU17) -> 0.99999613
A18: Y2017 | B18: =B5/$CA5 -> 0.12144663 | C18: =C5/$B5 -> 0.044212482 | D18: =D5/$B5 -> 0.32336867 | E18: =E5/$B5 -> 0.064078041 | F18: =F5/$B5 -> 0.038911356 | G18: =G5/$B5 -> 0.25510985 | H18: =H5/$B5 -> 0.13933217 | I18: =I5/$B5 -> 0.0090173789 | J18: =J5/$B5 -> 0.010083069 | ... L18: =L5/$B5 -> 0.082276752 | M18: =M5/$CA5 -> 0.010058606 | N18: =N5/$M5 -> 0.97723524 | O18: =O5/$M5 -> 0.022104916 | P18: =P5/$CA5 -> 0.33010878 | Q18: =Q5/$P5 -> 0.0081228072 | R18: =R5/$P5 -> 0.019160978 | S18: =S5/$P5 -> 0 | T18: =T5/$P5 -> 0.019854634 | U18: =U5/$P5 -> 0.0027846752 | V18: =V5/$P5 -> 0.058830034 | W18: =W5/$P5 -> 0.015833442 | X18: =X5/$P5 -> 0.8704171 | Y18: =Y5/$P5 -> 0.0049862777 | Z18: =Z5/$CA5 -> 0.30248495 | AA18: =AA5/$Z5 -> 0.62680885 | AB18: =AB5/$Z5 -> 0.084060165 | AC18: =AC5/$Z5 -> 0.28914195 | AD18: =AD5/$CA5 -> 0.0022566322 | AE18: =AE5/$AD5 -> 0.57352941 | AF18: =AF5/$AD5 -> 0.35441176 | AG18: =AG5/$AD5 -> 0.072058824 | AH18: =AH5/$CA5 -> 0.028682459 | AI18: =AI5/$AH5 -> 0.023024413 | AJ18: =AJ5/$AH5 -> 0.081221798 | AK18: =AK5/$AH5 -> 0.11095684 | AL18: =AL5/$AH5 -> 0.40240657 | AM18: =AM5/$AH5 -> 0.13652667 | AN18: =AN5/$AH5 -> 0.03066065 | AO18: =AO5/$AH5 -> 0.039222492 | AP18: =AP5/$AH5 -> 0.051255351 | AQ18: =AQ5/$AH5 -> 0.12403101 | AR18: =AR5/$CA5 -> 0.048945688 | AS18: =AS5/$AR5 -> 0.011255 | AT18: =AT5/$AR5 -> 0.019933555 | AU18: =AU5/$AR5 -> 0.0077971388 | AV18: =AV5/$AR5 -> 0.068682623 | AW18: =AW5/$AR5 -> 0.018577531 | AX18: =AX5/$AR5 -> 0.061156689 | AY18: =AY5/$AR5 -> 0.062173707 | AZ18: =AZ5/$AR5 -> 0.67509662 | BA18: =BA5/$AR5 -> 0.075530544 | BB18: =BB5/$CA5 -> 0.048577326 | BC18: =BC5/$BB5 -> 0.050689985 | BD18: =BD5/$BB5 -> 0.12884274 | BE18: =BE5/$BB5 -> 0.012843285 | BF18: =BF5/$BB5 -> 0.14967892 | BG18: =BG5/$BB5 -> 0.083754611 | BH18: =BH5/$BB5 -> 0.13745047 | BI18: =BI5/$BB5 -> 0.12617844 | BJ18: =BJ5/$BB5 -> 0.15466594 | BK18: =BK5/$BB5 -> 0.15596393 | BL18: =BL5/$CA5 -> 0.022755481 | BM18: =BM5/$BL5 -> 0.021000438 | BN18: =BN5/$BL5 -> 0.020562928 | BO18: =BO5/$BL5 -> 0.010208546 | BP18: =BP5/$BL5 -> 0.04783433 | BQ18: =BQ5/$BL5 -> 0.016771183 | BR18: =BR5/$BL5 -> 0.38194546 | BS18: =BS5/$BL5 -> 0.062272131 | BT18: =BT5/$BL5 -> 0.43998833 | BU18: =BU5/$CA5 -> 0.084700034 | BV18: =BV5/$BU5 -> 0.057751832 | BW18: =BW5/$BU5 -> 0.026525095 | BX18: =BX5/$BU5 -> 3.9180347e-05 | BY18: =BY5/$BU5 -> 0.69035772 | BZ18: =BZ5/$BU5 -> 0.22524782 | CA18: =SUM(B18,M18,P18,Z18,AD18,AH18,AR18,BB18,BL18,BU18) -> 1.0000166
A19: Y2018 | B19: =B6/$CA6 -> 0.102349 | C19: =C6/$B6 -> 0.051742224 | D19: =D6/$B6 -> 0.38572765 | E19: =E6/$B6 -> 0.070341073 | F19: =F6/$B6 -> 0.041648947 | G19: =G6/$B6 -> 0.20770605 | H19: =H6/$B6 -> 0.10113124 | I19: =I6/$B6 -> 0.0085055711 | J19: =J6/$B6 -> 0.011142298 | ... L19: =L6/$B6 -> 0.083524709 | M19: =M6/$CA6 -> 0.0097993413 | N19: =N6/$M6 -> 0.98252887 | O19: =O6/$M6 -> 0.017471128 | P19: =P6/$CA6 -> 0.3101403 | Q19: =Q6/$P6 -> 0.0068395101 | R19: =R6/$P6 -> 0.013080212 | S19: =S6/$P6 -> 0.00014034562 | T19: =T6/$P6 -> 0.02075244 | U19: =U6/$P6 -> 0.0022268172 | V19: =V6/$P6 -> 0.060573172 | W19: =W6/$P6 -> 0.019741951 | X19: =X6/$P6 -> 0.87119079 | Y19: =Y6/$P6 -> 0.005464123 | Z19: =Z6/$CA6 -> 0.35479883 | AA19: =AA6/$Z6 -> 0.54672893 | AB19: =AB6/$Z6 -> 0.091527697 | AC19: =AC6/$Z6 -> 0.36173519 | AD19: =AD6/$CA6 -> 0.0019238861 | AE19: =AE6/$AD6 -> 0.55505279 | AF19: =AF6/$AD6 -> 0.36199095 | AG19: =AG6/$AD6 -> 0.082956259 | AH19: =AH6/$CA6 -> 0.030497802 | AI19: =AI6/$AH6 -> 0.019124643 | AJ19: =AJ6/$AH6 -> 0.089153187 | AK19: =AK6/$AH6 -> 0.097906755 | AL19: =AL6/$AH6 -> 0.45195052 | AM19: =AM6/$AH6 -> 0.12806851 | AN19: =AN6/$AH6 -> 0.030447193 | AO19: =AO6/$AH6 -> 0.028353949 | AP19: =AP6/$AH6 -> 0.042150333 | AQ19: =AQ6/$AH6 -> 0.11274976 | AR19: =AR6/$CA6 -> 0.049420368 | AS19: =AS6/$AR6 -> 0.0097469321 | AT19: =AT6/$AR6 -> 0.018025953 | AU19: =AU6/$AR6 -> 0.0056954964 | AV19: =AV6/$AR6 -> 0.067230345 | AW19: =AW6/$AR6 -> 0.016029593 | AX19: =AX6/$AR6 -> 0.054430157 | AY19: =AY6/$AR6 -> 0.060419236 | AZ19: =AZ6/$AR6 -> 0.69420469 | BA19: =BA6/$AR6 -> 0.07427632 | BB19: =BB6/$CA6 -> 0.044548264 | BC19: =BC6/$BB6 -> 0.061164669 | BD19: =BD6/$BB6 -> 0.11939812 | BE19: =BE6/$BB6 -> 0.017912976 | BF19: =BF6/$BB6 -> 0.14955706 | BG19: =BG6/$BB6 -> 0.083637311 | BH19: =BH6/$BB6 -> 0.13079729 | BI19: =BI6/$BB6 -> 0.13535696 | BJ19: =BJ6/$BB6 -> 0.11027879 | BK19: =BK6/$BB6 -> 0.19183168 | BL19: =BL6/$CA6 -> 0.021148238 | BM19: =BM6/$BL6 -> 0.022228321 | BN19: =BN6/$BL6 -> 0.020856202 | BO19: =BO6/$BL6 -> 0.010976948 | BP19: =BP6/$BL6 -> 0.046103183 | BQ19: =BQ6/$BL6 -> 0.01701427 | BR19: =BR6/$BL6 -> 0.37939078 | BS19: =BS6/$BL6 -> 0.060373216 | BT19: =BT6/$BL6 -> 0.4433315 | BU19: =BU6/$CA6 -> 0.075373968 | BV19: =BV6/$BU6 -> 0.052781521 | BW19: =BW6/$BU6 -> 0.031337825 | BX19: =BX6/$BU6 -> 0 | BY19: =BY6/$BU6 -> 0.73670837 | BZ19: =BZ6/$BU6 -> 0.17905679 | CA19: =SUM(B19,M19,P19,Z19,AD19,AH19,AR19,BB19,BL19,BU19) -> 1
A20: Y2019 | B20: =B7/$CA7 -> 0.096540601 | C20: =C7/$B7 -> 0.056468963 | D20: =D7/$B7 -> 0.43724933 | E20: =E7/$B7 -> 0.066084093 | F20: =F7/$B7 -> 0.040611968 | G20: =G7/$B7 -> 0.15647162 | H20: =H7/$B7 -> 0.10921937 | I20: =I7/$B7 -> 0.007118383 | J20: =J7/$B7 -> 0.01128848 | ... L20: =L7/$B7 -> 0.079072485 | M20: =M7/$CA7 -> 0.0091850629 | N20: =N7/$M7 -> 0.98352875 | O20: =O7/$M7 -> 0.016471245 | P20: =P7/$CA7 -> 0.34979909 | Q20: =Q7/$P7 -> 0.0042444013 | R20: =R7/$P7 -> 0.0077044313 | S20: =S7/$P7 -> 0.00014661144 | T20: =T7/$P7 -> 0.016310523 | U20: =U7/$P7 -> 0.0013414947 | V20: =V7/$P7 -> 0.035509292 | W20: =W7/$P7 -> 0.012586592 | X20: =X7/$P7 -> 0.91786827 | Y20: =Y7/$P7 -> 0.0042810541 | Z20: =Z7/$CA7 -> 0.32383116 | AA20: =AA7/$Z7 -> 0.50631097 | AB20: =AB7/$Z7 -> 0.096794628 | AC20: =AC7/$Z7 -> 0.39690232 | AD20: =AD7/$CA7 -> 0.0016590552 | AE20: =AE7/$AD7 -> 0.55486862 | AF20: =AF7/$AD7 -> 0.3755796 | AG20: =AG7/$AD7 -> 0.072642968 | AH20: =AH7/$CA7 -> 0.030696367 | AI20: =AI7/$AH7 -> 0.017709465 | AJ20: =AJ7/$AH7 -> 0.062985548 | AK20: =AK7/$AH7 -> 0.084203492 | AL20: =AL7/$AH7 -> 0.52201153 | AM20: =AM7/$AH7 -> 0.12797594 | AN20: =AN7/$AH7 -> 0.021886225 | AO20: =AO7/$AH7 -> 0.027399549 | AP20: =AP7/$AH7 -> 0.033163478 | AQ20: =AQ7/$AH7 -> 0.10233063 | AR20: =AR7/$CA7 -> 0.045045784 | AS20: =AS7/$AR7 -> 0.0080264132 | AT20: =AT7/$AR7 -> 0.018500598 | AU20: =AU7/$AR7 -> 0.0061478909 | AV20: =AV7/$AR7 -> 0.062275858 | AW20: =AW7/$AR7 -> 0.017362099 | AX20: =AX7/$AR7 -> 0.057209541 | AY20: =AY7/$AR7 -> 0.069277623 | AZ20: =AZ7/$AR7 -> 0.68304207 | BA20: =BA7/$AR7 -> 0.078100985 | BB20: =BB7/$CA7 -> 0.043571353 | BC20: =BC7/$BB7 -> 0.062617702 | BD20: =BD7/$BB7 -> 0.11540725 | BE20: =BE7/$BB7 -> 0.011299435 | BF20: =BF7/$BB7 -> 0.14453861 | BG20: =BG7/$BB7 -> 0.082980226 | BH20: =BH7/$BB7 -> 0.1563677 | BI20: =BI7/$BB7 -> 0.12541196 | BJ20: =BJ7/$BB7 -> 0.1129355 | BK20: =BK7/$BB7 -> 0.18879473 | BL20: =BL7/$CA7 -> 0.021047179 | BM20: =BM7/$BL7 -> 0.01912768 | BN20: =BN7/$BL7 -> 0.022173489 | BO20: =BO7/$BL7 -> 0.011452242 | BP20: =BP7/$BL7 -> 0.045930799 | BQ20: =BQ7/$BL7 -> 0.014863548 | BR20: =BR7/$BL7 -> 0.47587719 | BS20: =BS7/$BL7 -> 0.056773879 | BT20: =BT7/$BL7 -> 0.35343567 | BU20: =BU7/$CA7 -> 0.078621779 | BV20: =BV7/$BU7 -> 0.040409641 | BW20: =BW7/$BU7 -> 0.028081276 | BX20: =BX7/$BU7 -> 0 | BY20: =BY7/$BU7 -> 0.76227129 | BZ20: =BZ7/$BU7 -> 0.16920518 | CA20: =SUM(B20,M20,P20,Z20,AD20,AH20,AR20,BB20,BL20,BU20) -> 0.99999744
A21: Y2020 | B21: =B8/$CA8 -> 0.098222359 | C21: =C8/$B8 -> 0.054704165 | D21: =D8/$B8 -> 0.41273717 | E21: =E8/$B8 -> 0.071404513 | F21: =F8/$B8 -> 0.034495341 | G21: =G8/$B8 -> 0.18075671 | H21: =H8/$B8 -> 0.11583586 | I21: =I8/$B8 -> 0.0079431907 | J21: =J8/$B8 -> 0.012546312 | ... L21: =L8/$B8 -> 0.0727237 | M21: =M8/$CA8 -> 0.009050859 | N21: =N8/$M8 -> 0.98872982 | O21: =O8/$M8 -> 0.01127018 | P21: =P8/$CA8 -> 0.41895856 | Q21: =Q8/$P8 -> 0.0027242577 | R21: =R8/$P8 -> 0.0077845336 | S21: =S8/$P8 -> 6.5803327e-05 | T21: =T8/$P8 -> 0.010982575 | U21: =U8/$P8 -> 0.0011318172 | V21: =V8/$P8 -> 0.018023531 | W21: =W8/$P8 -> 0.0076529269 | X21: =X8/$P8 -> 0.94801537 | Y21: =Y8/$P8 -> 0.0036257633 | Z21: =Z8/$CA8 -> 0.24486943 | AA21: =AA8/$Z8 -> 0.48825165 | AB21: =AB8/$Z8 -> 0.087310433 | AC21: =AC8/$Z8 -> 0.42443791 | AD21: =AD8/$CA8 -> 0.0020979908 | AE21: =AE8/$AD8 -> 0.58344284 | AF21: =AF8/$AD8 -> 0.37056505 | AG21: =AG8/$AD8 -> 0.043363995 | AH21: =AH8/$CA8 -> 0.030579387 | AI21: =AI8/$AH8 -> 0.0204652 | AJ21: =AJ8/$AH8 -> 0.057789398 | AK21: =AK8/$AH8 -> 0.08059863 | AL21: =AL8/$AH8 -> 0.50009016 | AM21: =AM8/$AH8 -> 0.14334656 | AN21: =AN8/$AH8 -> 0.029751172 | AO21: =AO8/$AH8 -> 0.020915975 | AP21: =AP8/$AH8 -> 0.028038226 | AQ21: =AQ8/$AH8 -> 0.11945546 | AR21: =AR8/$CA8 -> 0.04054829 | AS21: =AS8/$AR8 -> 0.0076149035 | AT21: =AT8/$AR8 -> 0.017677454 | AU21: =AU8/$AR8 -> 0.0070029916 | AV21: =AV8/$AR8 -> 0.063502856 | AW21: =AW8/$AR8 -> 0.018765298 | AX21: =AX8/$AR8 -> 0.050040794 | AY21: =AY8/$AR8 -> 0.062550993 | AZ21: =AZ8/$AR8 -> 0.69451999 | BA21: =BA8/$AR8 -> 0.078460702 | BB21: =BB8/$CA8 -> 0.040465583 | BC21: =BC8/$BB8 -> 0.072761957 | BD21: =BD8/$BB8 -> 0.12052051 | BE21: =BE8/$BB8 -> 0.0094018259 | BF21: =BF8/$BB8 -> 0.14743153 | BG21: =BG8/$BB8 -> 0.088567925 | BH21: =BH8/$BB8 -> 0.15335877 | BI21: =BI8/$BB8 -> 0.13666712 | BJ21: =BJ8/$BB8 -> 0.10887042 | BK21: =BK8/$BB8 -> 0.16262434 | BL21: =BL8/$CA8 -> 0.020334796 | BM21: =BM8/$BL8 -> 0.021827549 | BN21: =BN8/$BL8 -> 0.018438178 | BO21: =BO8/$BL8 -> 0.015184382 | BP21: =BP8/$BL8 -> 0.052467462 | BQ21: =BQ8/$BL8 -> 0.017489154 | BR21: =BR8/$BL8 -> 0.47803688 | BS21: =BS8/$BL8 -> 0.05856833 | BT21: =BT8/$BL8 -> 0.33812364 | BU21: =BU8/$CA8 -> 0.094858958 | BV21: =BV8/$BU8 -> 0.030893978 | BW21: =BW8/$BU8 -> 0.0378691 | BX21: =BX8/$BU8 -> 5.8126017e-05 | BY21: =BY8/$BU8 -> 0.74087422 | BZ21: =BZ8/$BU8 -> 0.19039177 | CA21: =SUM(B21,M21,P21,Z21,AD21,AH21,AR21,BB21,BL21,BU21) -> 0.99998622
A22: Y2021 | B22: =B9/$CA9 -> 0.095030644 | C22: =C9/$B9 -> 0.037804318 | D22: =D9/$B9 -> 0.33994028 | E22: =E9/$B9 -> 0.067684887 | F22: =F9/$B9 -> 0.027721635 | G22: =G9/$B9 -> 0.32395498 | H22: =H9/$B9 -> 0.10362885 | I22: =I9/$B9 -> 0.0073036288 | J22: =J9/$B9 -> 0.010932476 | ... L22: =L9/$B9 -> 0.048346348 | M22: =M9/$CA9 -> 0.0055067137 | N22: =N9/$M9 -> 0.99207293 | O22: =O9/$M9 -> 0.0083234245 | P22: =P9/$CA9 -> 0.43254658 | Q22: =Q9/$P9 -> 0.0025431554 | R22: =R9/$P9 -> 0.015975457 | S22: =S9/$P9 -> 5.5505376e-05 | T22: =T9/$P9 -> 0.0067514722 | U22: =U9/$P9 -> 0.0013422209 | V22: =V9/$P9 -> 0.025638438 | W22: =W9/$P9 -> 0.0098294976 | X22: =X9/$P9 -> 0.93480641 | Y22: =Y9/$P9 -> 0.0030931633 | Z22: =Z9/$CA9 -> 0.27587042 | AA22: =AA9/$Z9 -> 0.50242494 | AB22: =AB9/$Z9 -> 0.092685628 | AC22: =AC9/$Z9 -> 0.40491317 | AD22: =AD9/$CA9 -> 0.002368127 | AE22: =AE9/$AD9 -> 0.61658986 | AF22: =AF9/$AD9 -> 0.33179724 | AG22: =AG9/$AD9 -> 0.049769585 | AH22: =AH9/$CA9 -> 0.021939551 | AI22: =AI9/$AH9 -> 0.023776363 | AJ22: =AJ9/$AH9 -> 0.080382014 | AK22: =AK9/$AH9 -> 0.10306407 | AL22: =AL9/$AH9 -> 0.36112216 | AM22: =AM9/$AH9 -> 0.16543971 | AN22: =AN9/$AH9 -> 0.048746518 | AO22: =AO9/$AH9 -> 0.03660963 | AP22: =AP9/$AH9 -> 0.034321528 | AQ22: =AQ9/$AH9 -> 0.14663749 | AR22: =AR9/$CA9 -> 0.03645606 | AS22: =AS9/$AR9 -> 0.0095791175 | AT22: =AT9/$AR9 -> 0.015386458 | AU22: =AU9/$AR9 -> 0.0057474705 | AV22: =AV9/$AR9 -> 0.056756271 | AW22: =AW9/$AR9 -> 0.019936538 | AX22: =AX9/$AR9 -> 0.034125606 | AY22: =AY9/$AR9 -> 0.047476501 | AZ22: =AZ9/$AR9 -> 0.73807101 | BA22: =BA9/$AR9 -> 0.073040771 | BB22: =BB9/$CA9 -> 0.032145414 | BC22: =BC9/$BB9 -> 0.059206953 | BD22: =BD9/$BB9 -> 0.11393265 | BE22: =BE9/$BB9 -> 0.011882129 | BF22: =BF9/$BB9 -> 0.15141228 | BG22: =BG9/$BB9 -> 0.093427485 | BH22: =BH9/$BB9 -> 0.15826996 | BI22: =BI9/$BB9 -> 0.15120858 | BJ22: =BJ9/$BB9 -> 0.12581477 | BK22: =BK9/$BB9 -> 0.13498099 | BL22: =BL9/$CA9 -> 0.017539418 | BM22: =BM9/$BL9 -> 0.025261324 | BN22: =BN9/$BL9 -> 0.018043803 | BO22: =BO9/$BL9 -> 0.014435042 | BP22: =BP9/$BL9 -> 0.05973121 | BQ22: =BQ9/$BL9 -> 0.014808362 | BR22: =BR9/$BL9 -> 0.48220508 | BS22: =BS9/$BL9 -> 0.056371329 | BT22: =BT9/$BL9 -> 0.32926829 | BU22: =BU9/$CA9 -> 0.080610169 | BV22: =BV9/$BU9 -> 0.048439065 | BW22: =BW9/$BU9 -> 0.069747922 | BX22: =BX9/$BU9 -> 5.4152113e-05 | BY22: =BY9/$BU9 -> 0.63035767 | BZ22: =BZ9/$BU9 -> 0.25134703 | CA22: =SUM(B22,M22,P22,Z22,AD22,AH22,AR22,BB22,BL22,BU22) -> 1.0000131
A23: Y2022 | B23: =B10/$CA10 -> 0.089451306 | C23: =C10/$B10 -> 0.028575731 | D23: =D10/$B10 -> 0.31248823 | E23: =E10/$B10 -> 0.063721245 | F23: =F10/$B10 -> 0.022683634 | G23: =G10/$B10 -> 0.38914198 | H23: =H10/$B10 -> 0.094631226 | I23: =I10/$B10 -> 0.0060426942 | J23: =J10/$B10 -> 0.0097323143 | ... L23: =L10/$B10 -> 0.04066112 | M23: =M10/$CA10 -> 0.0043309506 | N23: =N10/$M10 -> 0.99261275 | O23: =O10/$M10 -> 0.0073872473 | P23: =P10/$CA10 -> 0.31706869 | Q23: =Q10/$P10 -> 0.0024110974 | R23: =R10/$P10 -> 0.041222331 | S23: =S10/$P10 -> 4.7797085e-05 | T23: =T10/$P10 -> 0.008088329 | U23: =U10/$P10 -> 0.0016304117 | V23: =V10/$P10 -> 0.04094617 | W23: =W10/$P10 -> 0.06576879 | X23: =X10/$P10 -> 0.83618877 | Y23: =Y10/$P10 -> 0.0036750648 | Z23: =Z10/$CA10 -> 0.4232174 | AA23: =AA10/$Z10 -> 0.56635791 | AB23: =AB10/$Z10 -> 0.068995838 | AC23: =AC10/$Z10 -> 0.36464625 | AD23: =AD10/$CA10 -> 0.0028322935 | AE23: =AE10/$AD10 -> 0.64209275 | AF23: =AF10/$AD10 -> 0.31985731 | AG23: =AG10/$AD10 -> 0.038049941 | AH23: =AH10/$CA10 -> 0.021174846 | AI23: =AI10/$AH10 -> 0.019483101 | AJ23: =AJ10/$AH10 -> 0.1332008 | AK23: =AK10/$AH10 -> 0.084930417 | AL23: =AL10/$AH10 -> 0.34417495 | AM23: =AM10/$AH10 -> 0.14059642 | AN23: =AN10/$AH10 -> 0.058131213 | AO23: =AO10/$AH10 -> 0.024095427 | AP23: =AP10/$AH10 -> 0.035864811 | AQ23: =AQ10/$AH10 -> 0.15960239 | AR23: =AR10/$CA10 -> 0.032719557 | AS23: =AS10/$AR10 -> 0.007616695 | AT23: =AT10/$AR10 -> 0.018681488 | AU23: =AU10/$AR10 -> 0.0049405589 | AV23: =AV10/$AR10 -> 0.052184653 | AW23: =AW10/$AR10 -> 0.018321239 | AX23: =AX10/$AR10 -> 0.03108435 | AY23: =AY10/$AR10 -> 0.068961968 | AZ23: =AZ10/$AR10 -> 0.72451238 | BA23: =BA10/$AR10 -> 0.073593742 | BB23: =BB10/$CA10 -> 0.027811034 | BC23: =BC10/$BB10 -> 0.062182126 | BD23: =BD10/$BB10 -> 0.11570598 | BE23: =BE10/$BB10 -> 0.01574231 | BF23: =BF10/$BB10 -> 0.15070235 | BG23: =BG10/$BB10 -> 0.093545653 | BH23: =BH10/$BB10 -> 0.14149915 | BI23: =BI10/$BB10 -> 0.16299346 | BJ23: =BJ10/$BB10 -> 0.12188181 | BK23: =BK10/$BB10 -> 0.1359288 | BL23: =BL10/$CA10 -> 0.015284619 | BM23: =BM10/$BL10 -> 0.019279498 | BN23: =BN10/$BL10 -> 0.018287981 | BO23: =BO10/$BL10 -> 0.02214388 | BP23: =BP10/$BL10 -> 0.071499394 | BQ23: =BQ10/$BL10 -> 0.015533767 | BR23: =BR10/$BL10 -> 0.48573317 | BS23: =BS10/$BL10 -> 0.05574529 | BT23: =BT10/$BL10 -> 0.31221769 | BU23: =BU10/$CA10 -> 0.066100882 | BV23: =BV10/$BU10 -> 0.019462489 | BW23: =BW10/$BU10 -> 0.077595211 | BX23: =BX10/$BU10 -> 0.00022927016 | BY23: =BY10/$BU10 -> 0.5990065 | BZ23: =BZ10/$BU10 -> 0.30368106 | CA23: =SUM(B23,M23,P23,Z23,AD23,AH23,AR23,BB23,BL23,BU23) -> 0.99999158
A24: Y2023 | B24: =B11/$CA11 -> 0.098007064 | C24: =C11/$B11 -> 0.022575755 | D24: =D11/$B11 -> 0.32508356 | E24: =E11/$B11 -> 0.054795521 | F24: =F11/$B11 -> 0.024584924 | G24: =G11/$B11 -> 0.37677401 | H24: =H11/$B11 -> 0.10760014 | I24: =I11/$B11 -> 0.0054247566 | J24: =J11/$B11 -> 0.0092969735 | ... L24: =L11/$B11 -> 0.042265612 | M24: =M11/$CA11 -> 0.0045612157 | N24: =N11/$M11 -> 0.99058085 | O24: =O11/$M11 -> 0.0094191523 | P24: =P11/$CA11 -> 0.36332374 | Q24: =Q11/$P11 -> 0.0022221018 | R24: =R11/$P11 -> 0.027138219 | S24: =S11/$P11 -> 6.8978769e-05 | T24: =T11/$P11 -> 0.0070703239 | U24: =U11/$P11 -> 0.0010001922 | V24: =V11/$P11 -> 0.036494696 | W24: =W11/$P11 -> 0.093885032 | X24: =X11/$P11 -> 0.82894251 | Y24: =Y11/$P11 -> 0.0032025857 | Z24: =Z11/$CA11 -> 0.3500554 | AA24: =AA11/$Z11 -> 0.52841487 | AB24: =AB11/$Z11 -> 0.080593611 | AC24: =AC11/$Z11 -> 0.39098129 | AD24: =AD11/$CA11 -> 0.0028802967 | AE24: =AE11/$AD11 -> 0.65444375 | AF24: =AF11/$AD11 -> 0.2610317 | AG24: =AG11/$AD11 -> 0.084524549 | AH24: =AH11/$CA11 -> 0.020557693 | AI24: =AI11/$AH11 -> 0.019244166 | AJ24: =AJ11/$AH11 -> 0.11006618 | AK24: =AK11/$AH11 -> 0.080111459 | AL24: =AL11/$AH11 -> 0.41396726 | AM24: =AM11/$AH11 -> 0.14681296 | AN24: =AN11/$AH11 -> 0.029432254 | AO24: =AO11/$AH11 -> 0.024120515 | AP24: =AP11/$AH11 -> 0.033524904 | AQ24: =AQ11/$AH11 -> 0.14306862 | AR24: =AR11/$CA11 -> 0.034651276 | AS24: =AS11/$AR11 -> 0.0056310379 | AT24: =AT11/$AR11 -> 0.020509376 | AU24: =AU11/$AR11 -> 0.005062768 | AV24: =AV11/$AR11 -> 0.045874877 | AW24: =AW11/$AR11 -> 0.018804567 | AX24: =AX11/$AR11 -> 0.044118407 | AY24: =AY11/$AR11 -> 0.064886088 | AZ24: =AZ11/$AR11 -> 0.72066953 | BA24: =BA11/$AR11 -> 0.074495015 | BB24: =BB11/$CA11 -> 0.033303319 | BC24: =BC11/$BB11 -> 0.070038701 | BD24: =BD11/$BB11 -> 0.11357773 | BE24: =BE11/$BB11 -> 0.014620512 | BF24: =BF11/$BB11 -> 0.16362073 | BG24: =BG11/$BB11 -> 0.080036551 | BH24: =BH11/$BB11 -> 0.14389379 | BI24: =BI11/$BB11 -> 0.15878306 | BJ24: =BJ11/$BB11 -> 0.1171791 | BK24: =BK11/$BB11 -> 0.13835734 | BL24: =BL11/$CA11 -> 0.018826651 | BM24: =BM11/$BL11 -> 0.016164305 | BN24: =BN11/$BL11 -> 0.01787582 | BO24: =BO11/$BL11 -> 0.01787582 | BP24: =BP11/$BL11 -> 0.06712941 | BQ24: =BQ11/$BL11 -> 0.017210231 | BR24: =BR11/$BL11 -> 0.46315489 | BS24: =BS11/$BL11 -> 0.05476847 | BT24: =BT11/$BL11 -> 0.34572597 | BU24: =BU11/$CA11 -> 0.073836917 | BV24: =BV11/$BU11 -> 0.014837443 | BW24: =BW11/$BU11 -> 0.048755061 | BX24: =BX11/$BU11 -> 0.00026668606 | BY24: =BY11/$BU11 -> 0.6873712 | BZ24: =BZ11/$BU11 -> 0.24867263 | CA24: =SUM(B24,M24,P24,Z24,AD24,AH24,AR24,BB24,BL24,BU24) -> 1.0000036
A25: Y2024 | B25: =B12/$CA12 -> 0.10167065 | C25: =C12/$B12 -> 0.021251094 | D25: =D12/$B12 -> 0.40555915 | E25: =E12/$B12 -> 0.065161143 | F25: =F12/$B12 -> 0.023191659 | G25: =G12/$B12 -> 0.26153875 | H25: =H12/$B12 -> 0.13445074 | I25: =I12/$B12 -> 0.0056694951 | J25: =J12/$B12 -> 0.010444808 | ... L25: =L12/$B12 -> 0.042863666 | M25: =M12/$CA12 -> 0.0061491384 | N25: =N12/$M12 -> 0.99370871 | O25: =O12/$M12 -> 0.0062912866 | P25: =P12/$CA12 -> 0.34737699 | Q25: =Q12/$P12 -> 0.002962336 | R25: =R12/$P12 -> 0.027869345 | S25: =S12/$P12 -> 0.00011136602 | T25: =T12/$P12 -> 0.0079292603 | U25: =U12/$P12 -> 0.0013475288 | V25: =V12/$P12 -> 0.036182818 | W25: =W12/$P12 -> 0.028604361 | X25: =X12/$P12 -> 0.89148495 | Y25: =Y12/$P12 -> 0.003535871 | Z25: =Z12/$CA12 -> 0.33045961 | AA25: =AA12/$Z12 -> 0.50014048 | AB25: =AB12/$Z12 -> 0.091973871 | AC25: =AC12/$Z12 -> 0.40787394 | AD25: =AD12/$CA12 -> 0.0027022165 | AE25: =AE12/$AD12 -> 0.61918397 | AF25: =AF12/$AD12 -> 0.29778096 | AG25: =AG12/$AD12 -> 0.084466714 | AH25: =AH12/$CA12 -> 0.023737724 | AI25: =AI12/$AH12 -> 0.017519557 | AJ25: =AJ12/$AH12 -> 0.07708605 | AK25: =AK12/$AH12 -> 0.094687093 | AL25: =AL12/$AH12 -> 0.43896675 | AM25: =AM12/$AH12 -> 0.13893416 | AN25: =AN12/$AH12 -> 0.035609518 | AO25: =AO12/$AH12 -> 0.023956975 | AP25: =AP12/$AH12 -> 0.03357236 | AQ25: =AQ12/$AH12 -> 0.13999348 | AR25: =AR12/$CA12 -> 0.039682156 | AS25: =AS12/$AR12 -> 0.0054594199 | AT25: =AT12/$AR12 -> 0.016134536 | AU25: =AU12/$AR12 -> 0.0047282476 | AV25: =AV12/$AR12 -> 0.043431635 | AW25: =AW12/$AR12 -> 0.01910797 | AX25: =AX12/$AR12 -> 0.028759444 | AY25: =AY12/$AR12 -> 0.064928101 | AZ25: =AZ12/$AR12 -> 0.74550329 | BA25: =BA12/$AR12 -> 0.071947356 | BB25: =BB12/$CA12 -> 0.039622193 | BC25: =BC12/$BB12 -> 0.067223199 | BD25: =BD12/$BB12 -> 0.11452841 | BE25: =BE12/$BB12 -> 0.013962117 | BF25: =BF12/$BB12 -> 0.15255809 | BG25: =BG12/$BB12 -> 0.077133372 | BH25: =BH12/$BB12 -> 0.14269674 | BI25: =BI12/$BB12 -> 0.15714704 | BJ25: =BJ12/$BB12 -> 0.1102812 | BK25: =BK12/$BB12 -> 0.16486038 | BL25: =BL12/$CA12 -> 0.021227004 | BM25: =BM12/$BL12 -> 0.017404775 | BN25: =BN12/$BL12 -> 0.015400036 | BO25: =BO12/$BL12 -> 0.016220157 | BP25: =BP12/$BL12 -> 0.07043922 | BQ25: =BQ12/$BL12 -> 0.017404775 | BR25: =BR12/$BL12 -> 0.37187899 | BS25: =BS12/$BL12 -> 0.055677055 | BT25: =BT12/$BL12 -> 0.43530162 | BU25: =BU12/$CA12 -> 0.087370378 | BV25: =BV12/$BU12 -> 0.012508579 | BW25: =BW12/$BU12 -> 0.029666364 | BX25: =BX12/$BU12 -> 0.00050919879 | BY25: =BY12/$BU12 -> 0.79043149 | BZ25: =BZ12/$BU12 -> 0.16684009 | CA25: =SUM(B25,M25,P25,Z25,AD25,AH25,AR25,BB25,BL25,BU25) -> 0.99999807
A26: Y2025 | B26: =B13/$CA13 -> 0.11860684 | C26: =C13/$B13 -> 0.020937092 | D26: =D13/$B13 -> 0.43867963 | E26: =E13/$B13 -> 0.057411795 | F26: =F13/$B13 -> 0.025595152 | G26: =G13/$B13 -> 0.26060958 | H26: =H13/$B13 -> 0.11737021 | I26: =I13/$B13 -> 0.0042389955 | J26: =J13/$B13 -> 0.010186484 | ... L26: =L13/$B13 -> 0.039456506 | M26: =M13/$CA13 -> 0.0058612344 | N26: =N13/$M13 -> 0.981409 | O26: =O13/$M13 -> 0.018917156 | P26: =P13/$CA13 -> 0.34534829 | Q26: =Q13/$P13 -> 0.0030224023 | R26: =R13/$P13 -> 0.025552031 | S26: =S13/$P13 -> 0.00016606606 | T26: =T13/$P13 -> 0.0084195493 | U26: =U13/$P13 -> 0.0015167367 | V26: =V13/$P13 -> 0.033506596 | W26: =W13/$P13 -> 0.026919309 | X26: =X13/$P13 -> 0.89694494 | Y26: =Y13/$P13 -> 0.0039357656 | Z26: =Z13/$CA13 -> 0.26798229 | AA26: =AA13/$Z13 -> 0.45996248 | AB26: =AB13/$Z13 -> 0.10120487 | AC26: =AC13/$Z13 -> 0.43881125 | AD26: =AD13/$CA13 -> 0.0034525079 | AE26: =AE13/$AD13 -> 0.45570321 | AF26: =AF13/$AD13 -> 0.29291251 | AG26: =AG13/$AD13 -> 0.25193798 | AH26: =AH13/$CA13 -> 0.0232098 | AI26: =AI13/$AH13 -> 0.02067375 | AJ26: =AJ13/$AH13 -> 0.086483815 | AK26: =AK13/$AH13 -> 0.086730912 | AL26: =AL13/$AH13 -> 0.42319414 | AM26: =AM13/$AH13 -> 0.13302034 | AN26: =AN13/$AH13 -> 0.054855448 | AO26: =AO13/$AH13 -> 0.023144716 | AP26: =AP13/$AH13 -> 0.034840623 | AQ26: =AQ13/$AH13 -> 0.13680916 | AR26: =AR13/$CA13 -> 0.043431632 | AS26: =AS13/$AR13 -> 0.0047537304 | AT26: =AT13/$AR13 -> 0.015185528 | AU26: =AU13/$AR13 -> 0.0033892337 | AV26: =AV13/$AR13 -> 0.038337955 | AW26: =AW13/$AR13 -> 0.016506008 | AX26: =AX13/$AR13 -> 0.02112769 | AY26: =AY13/$AR13 -> 0.046392887 | AZ26: =AZ13/$AR13 -> 0.78977948 | BA26: =BA13/$AR13 -> 0.064483472 | BB26: =BB13/$CA13 -> 0.042458583 | BC26: =BC13/$BB13 -> 0.071949572 | BD26: =BD13/$BB13 -> 0.10877983 | BE26: =BE13/$BB13 -> 0.011166141 | BF26: =BF13/$BB13 -> 0.14646556 | BG26: =BG13/$BB13 -> 0.085006754 | BH26: =BH13/$BB13 -> 0.14570014 | BI26: =BI13/$BB13 -> 0.14705088 | BJ26: =BJ13/$BB13 -> 0.11814498 | BK26: =BK13/$BB13 -> 0.16591625 | BL26: =BL13/$CA13 -> 0.022678351 | BM26: =BM13/$BL13 -> 0.016016185 | BN26: =BN13/$BL13 -> 0.014583158 | BO26: =BO13/$BL13 -> 0.015426115 | BP26: =BP13/$BL13 -> 0.065244879 | BQ26: =BQ13/$BL13 -> 0.015763298 | BR26: =BR13/$BL13 -> 0.36188148 | BS26: =BS13/$BL13 -> 0.055550872 | BT26: =BT13/$BL13 -> 0.45511253 | BU26: =BU13/$CA13 -> 0.12696283 | BV26: =BV13/$BU13 -> 0.0066100521 | BW26: =BW13/$BU13 -> 0.028201885 | BX26: =BX13/$BU13 -> 0.00025597013 | BY26: =BY13/$BU13 -> 0.8967537 | BZ26: =BZ13/$BU13 -> 0.06820851 | CA26: =SUM(B26,M26,P26,Z26,AD26,AH26,AR26,BB26,BL26,BU26) -> 0.99999235

Sheet Import statistical pattern
A1: Import | B1: 0 Food and live animals ; | C1: 00 Live animals (excl. fish (not marine mammals) crustaceans, molluscs and aquatic invertebrates of SITC Division 03) ; | D1: 01 Meat and meat preparations ; | E1: 02 Dairy products and birds’ eggs ; | F1: 03 Fish (excl. marine mammals) crustaceans, molluscs and aquatic invertebrates, and preparations thereof (excl. extracts and juices of fish, crustaceans, molluscs or other aquatic invertebrates, prepared or preserved of SITC 01710) ; | G1: 04 Cereals and cereal preparations ; | H1: 05 Vegetables and fruit ; | I1: 06 Sugars, sugar preparations and honey ; | J1: 07 Coffee, tea, cocoa, spices, and manufactures thereof ; | K1: 08 Feeding stuff for animals (excl. unmilled cereals) ; | L1: 09 Miscellaneous edible products and preparations ; | M1: 1 Beverages and tobacco ; | N1: 11 Beverages ; | O1: 12 Tobacco and tobacco manufactures ; | P1: 2 Crude materials, inedible, except fuels ; | Q1: 21 Hides, skins and furskins, raw ; | R1: 22 Oil-seeds and oleaginous fruits ; | S1: 23 Crude rubber (incl. synthetic and reclaimed) ; | T1: 24 Cork and wood ; | U1: 25 Pulp and waste paper ; | V1: 26 Textile fibres (excl. wool tops and other combed wool) and their wastes, not manufactured into yarn or fabric ; | W1: 27 Crude fertilizers (excl. those of Division 56) and crude minerals (excl. coal, petroleum and precious stones) ; | X1: 28 Metalliferous ores and metal scrap ; | Y1: 29 Crude animal and vegetable materials, nes ; | Z1: 3 Mineral fuels, lubricants and related materials ; | AA1: 32 Coal, coke and briquettes ; | AB1: 33 Petroleum, petroleum products and related materials ; | AC1: 34 Gas, natural and manufactured ; | AD1: 4 Animal and vegetable oils, fats and waxes ; | AE1: 41 Animal oils and fats ; | AF1: 42 Fixed vegetable fats and oils, crude, refined or fractionated ; | AG1: 43 Animal or vegetable fats and oils, processed; waxes of animal or vegetable origin; inedible mixtures or preparations of animal or vegetable fats or oils, nes ; | AH1: 5 Chemicals and related products, nes ; | AI1: 51 Organic chemicals ; | AJ1: 52 Inorganic chemicals ; | AK1: 53 Dyeing, tanning and colouring materials ; | AL1: 54 Medicinal and pharmaceutical products ; | AM1: 55 Essential oils and resinoids and perfume materials; toilet, polishing and cleansing preparations ; | AN1: 56 Fertilisers (excl. those of group 272) ; | AO1: 57 Plastics in primary forms ; | AP1: 58 Plastics in non-primary forms ; | AQ1: 59 Chemical materials and products, nes ; | AR1: 6 Manufactured goods classified chiefly by material ; | AS1: 61 Leather, leather manufactures, nes, and dressed furskins ; | AT1: 62 Rubber manufactures, nes ; | AU1: 63 Cork and wood manufactures (excl. furniture) ; | AV1: 64 Paper, paperboard and articles of paper pulp, of paper or of paperboard ; | AW1: 65 Textile yarn, fabrics, made-up articles nes, and related products ; | AX1: 66 Non-metallic mineral manufactures, nes ; | AY1: 67 Iron and steel ; | AZ1: 68 Non-ferrous metals ; | BA1: 69 Manufactures of metals, nes ; | BB1: 7 Machinery and transport equipment ; | BC1: 71 Power generating machinery and equipment ; | BD1: 72 Machinery specialized for particular industries ; | BE1: 73 Metalworking machinery ; | BF1: 74 General industrial machinery and equipment, nes, and machine parts, nes ; | BG1: 75 Office machines and automatic data processing machines ; | BH1: 76 Telecommunications and sound recording and reproducing apparatus and equipment ; | BI1: 77 Electrical machinery, apparatus and appliances, nes, and electrical parts thereof (incl. non electrical counterparts, nes, of electrical household type equipment) ; | BJ1: 78 Road vehicles (incl. air-cushion vehicles) ; | BK1: 79 Transport equipment (excl. road vehicles) ; | BL1: 8 Miscellaneous manufactured articles ; | BM1: 81 Prefabricated buildings and sanitary, plumbing, heating and lighting fixtures and fittings, nes ; | BN1: 82 Furniture and parts thereof; bedding, mattresses, mattress supports, cushions and similar stuffed furnishings ; | BO1: 83 Travel goods, handbags and similar containers ; | BP1: 84 Articles of apparel and clothing accessories ; | BQ1: 85 Footwear ; | BR1: 87 Professional, scientific and controlling instruments and apparatus, nes ; | BS1: 88 Photographic apparatus, equipment and supplies and optical goods, nes; watches and clocks ; | BT1: 89 Miscellaneous manufactured articles, nes ; | BU1: 9 Commodities and transactions not classified elsewhere in the SITC ; | BV1: 93 Special transactions and commodities not classified according to kind ; | BW1: 95 Gold coin whether or not legal tender, and other coin being legal tender ; | BX1: 96 Coin (excl. gold coin) not being legal tender ; | BY1: 97 Gold, non-monetary (excl. gold ores and concentrates) ; | BZ1: 98 Combined confidential items excluding some of SITC 28099 (exports only) and some of SITC 51099 (imports only) ; | CA1: -1 TOTAL ;
A2: Unit | B2: $ Millions | C2: $ Millions | D2: $ Millions | E2: $ Millions | F2: $ Millions | G2: $ Millions | H2: $ Millions | I2: $ Millions | J2: $ Millions | K2: $ Millions | L2: $ Millions | M2: $ Millions | N2: $ Millions | O2: $ Millions | P2: $ Millions | Q2: $ Millions | R2: $ Millions | S2: $ Millions | T2: $ Millions | U2: $ Millions | V2: $ Millions | W2: $ Millions | X2: $ Millions | Y2: $ Millions | Z2: $ Millions | AA2: $ Millions | AB2: $ Millions | AC2: $ Millions | AD2: $ Millions | AE2: $ Millions | AF2: $ Millions | AG2: $ Millions | AH2: $ Millions | AI2: $ Millions | AJ2: $ Millions | AK2: $ Millions | AL2: $ Millions | AM2: $ Millions | AN2: $ Millions | AO2: $ Millions | AP2: $ Millions | AQ2: $ Millions | AR2: $ Millions | AS2: $ Millions | AT2: $ Millions | AU2: $ Millions | AV2: $ Millions | AW2: $ Millions | AX2: $ Millions | AY2: $ Millions | AZ2: $ Millions | BA2: $ Millions | BB2: $ Millions | BC2: $ Millions | BD2: $ Millions | BE2: $ Millions | BF2: $ Millions | BG2: $ Millions | BH2: $ Millions | BI2: $ Millions | BJ2: $ Millions | BK2: $ Millions | BL2: $ Millions | BM2: $ Millions | BN2: $ Millions | BO2: $ Millions | BP2: $ Millions | BQ2: $ Millions | BR2: $ Millions | BS2: $ Millions | BT2: $ Millions | BU2: $ Millions | BV2: $ Millions | BW2: $ Millions | BX2: $ Millions | BY2: $ Millions | BZ2: $ Millions | CA2: $ Millions
A3: Series ID | B3: A1828644C | C3: A1828645F | D3: A1828646J | E3: A1828647K | F3: A1828648L | G3: A1828649R | H3: A1828650X | I3: A1828651A | J3: A1828652C | K3: A1828653F | L3: A1828654J | M3: A1828655K | N3: A1828656L | O3: A1828657R | P3: A1828658T | Q3: A1828659V | R3: A1828660C | S3: A1828661F | T3: A1828662J | U3: A1828663K | V3: A1828664L | W3: A1828665R | X3: A1828666T | Y3: A1828667V | Z3: A1828668W | AA3: A1828669X | AB3: A1828670J | AC3: A1828671K | AD3: A1828672L | AE3: A1828673R | AF3: A1828674T | AG3: A1828675V | AH3: A1828676W | AI3: A1828677X | AJ3: A1828678A | AK3: A1828679C | AL3: A1828680L | AM3: A1828681R | AN3: A1828682T | AO3: A1828683V | AP3: A1828684W | AQ3: A1828685X | AR3: A1828686A | AS3: A1828687C | AT3: A1828688F | AU3: A1828689J | AV3: A1828690T | AW3: A1828691V | AX3: A1828692W | AY3: A1828693X | AZ3: A1828694A | BA3: A1828695C | BB3: A1828696F | BC3: A1828697J | BD3: A1828698K | BE3: A1828699L | BF3: A1828700K | BG3: A1828701L | BH3: A1828702R | BI3: A1828703T | BJ3: A1828704V | BK3: A1828705W | BL3: A1828706X | BM3: A1828707A | BN3: A1828708C | BO3: A1828709F | BP3: A1828710R | BQ3: A1828711T | BR3: A1828712V | BS3: A1828713W | BT3: A1828714X | BU3: A1828715A | BV3: A1828716C | BW3: A1828717F | BX3: A1828718J | BY3: A1828719K | BZ3: A1828720V | CA3: A1828721W
A4: Y2016 | B4: 13977 | C4: 121 | D4: 780 | E4: 1075 | F4: 1852 | G4: 1265 | H4: 2601 | I4: 483 | J4: 1975 | K4: 919 | L4: 2908 | M4: 3271 | N4: 2241 | O4: 1027 | P4: 3206 | Q4: 5 | R4: 88 | S4: 102 | T4: 816 | U4: 212 | V4: 99 | W4: 311 | X4: 1017 | Y4: 551 | Z4: 23604 | AA4: 51 | AB4: 23315 | AC4: 238 | AD4: 700 | AE4: 61 | AF4: 596 | AG4: 44 | AH4: 27705 | AI4: 2410 | AJ4: 1567 | AK4: 997 | AL4: 11226 | AM4: 2938 | AN4: 1682 | AO4: 1958 | AP4: 1947 | AQ4: 2978 | AR4: 28223 | AS4: 164 | AT4: 3399 | AU4: 1305 | AV4: 2999 | AW4: 3577 | AX4: 3847 | AY4: 2532 | AZ4: 2691 | BA4: 7710 | BB4: 103332 | BC4: 4429 | BD4: 7665 | BE4: 595 | BF4: 14478 | BG4: 9773 | BH4: 14598 | BI4: 13089 | BJ4: 34412 | BK4: 4295 | BL4: 40365 | BM4: 1661 | BN4: 4276 | BO4: 1462 | BP4: 8611 | BQ4: 2202 | BR4: 6756 | BS4: 1853 | BT4: 13547 | BU4: 9962 | BV4: 4 | BW4: 41 | BX4: 7 | BY4: 7468 | BZ4: 2440 | CA4: 254345
A5: Y2017 | B5: 14304 | C5: 155 | D5: 833 | E5: 1321 | F5: 1950 | G5: 1309 | H5: 2684 | I5: 460 | J5: 2057 | K5: 939 | L5: 2593 | M5: 3285 | N5: 2280 | O5: 1006 | P5: 3544 | Q5: 3 | R5: 111 | S5: 165 | T5: 836 | U5: 232 | V5: 91 | W5: 286 | X5: 1221 | Y5: 597 | Z5: 29805 | AA5: 139 | AB5: 29365 | AC5: 303 | AD5: 702 | AE5: 56 | AF5: 591 | AG5: 53 | AH5: 28054 | AI5: 2363 | AJ5: 1578 | AK5: 1019 | AL5: 11138 | AM5: 3084 | AN5: 1640 | AO5: 2109 | AP5: 1994 | AQ5: 3131 | AR5: 28701 | AS5: 160 | AT5: 3580 | AU5: 1408 | AV5: 2935 | AW5: 3604 | AX5: 3794 | AY5: 3059 | AZ5: 2479 | BA5: 7685 | BB5: 117933 | BC5: 4763 | BD5: 8870 | BE5: 639 | BF5: 13380 | BG5: 10489 | BH5: 15584 | BI5: 14637 | BJ5: 37308 | BK5: 12266 | BL5: 40571 | BM5: 1629 | BN5: 4256 | BO5: 1537 | BP5: 8736 | BQ5: 2177 | BR5: 6544 | BS5: 1821 | BT5: 13867 | BU5: 21397 | BV5: 12 | BW5: 21 | BX5: 3 | BY5: 6220 | BZ5: 15140 | CA5: 288291
A6: Y2018 | B6: 15132 | C6: 168 | D6: 822 | E6: 1420 | F6: 2013 | G6: 1479 | H6: 2647 | I6: 483 | J6: 2031 | K6: 1100 | L6: 2970 | M6: 3541 | N6: 2480 | O6: 1063 | P6: 3985 | Q6: 2 | R6: 115 | S6: 160 | T6: 1041 | U6: 284 | V6: 99 | W6: 316 | X6: 1306 | Y6: 662 | Z6: 40512 | AA6: 178 | AB6: 39947 | AC6: 390 | AD6: 756 | AE6: 70 | AF6: 627 | AG6: 54 | AH6: 29837 | AI6: 2507 | AJ6: 1107 | AK6: 1111 | AL6: 11782 | AM6: 3595 | AN6: 1915 | AO6: 2460 | AP6: 2196 | AQ6: 3161 | AR6: 32443 | AS6: 154 | AT6: 3966 | AU6: 1596 | AV6: 3163 | AW6: 3816 | AX6: 4038 | AY6: 3901 | AZ6: 2775 | BA6: 9039 | BB6: 121404 | BC6: 5936 | BD6: 10484 | BE6: 751 | BF6: 14952 | BG6: 11907 | BH6: 17166 | BI6: 16823 | BJ6: 39091 | BK6: 4294 | BL6: 44299 | BM6: 1789 | BN6: 4874 | BO6: 1843 | BP6: 9479 | BQ6: 2324 | BR6: 7364 | BS6: 1934 | BT6: 14691 | BU6: 12140 | BV6: 5 | BW6: 30 | BX6: 7 | BY6: 6385 | BZ6: 5711 | CA6: 304050
A7: Y2019 | B7: 16938 | C7: 145 | D7: 1029 | E7: 1477 | F7: 2034 | G7: 1916 | H7: 2806 | I7: 485 | J7: 2131 | K7: 1238 | L7: 3678 | M7: 3798 | N7: 2688 | O7: 1113 | P7: 3138 | Q7: 7 | R7: 127 | S7: 147 | T7: 801 | U7: 260 | V7: 98 | W7: 286 | X7: 744 | Y7: 665 | Z7: 38794 | AA7: 203 | AB7: 38357 | AC7: 236 | AD7: 725 | AE7: 83 | AF7: 579 | AG7: 64 | AH7: 31024 | AI7: 2260 | AJ7: 1031 | AK7: 1084 | AL7: 13112 | AM7: 3865 | AN7: 2150 | AO7: 2211 | AP7: 2226 | AQ7: 3090 | AR7: 32286 | AS7: 143 | AT7: 4242 | AU7: 1517 | AV7: 3336 | AW7: 3834 | AX7: 4110 | AY7: 3271 | AZ7: 2874 | BA7: 8957 | BB7: 123286 | BC7: 6310 | BD7: 10688 | BE7: 864 | BF7: 15646 | BG7: 11737 | BH7: 17648 | BI7: 17451 | BJ7: 37286 | BK7: 5660 | BL7: 46308 | BM7: 1742 | BN7: 4983 | BO7: 1886 | BP7: 10205 | BQ7: 2564 | BR7: 7726 | BS7: 2078 | BT7: 15133 | BU7: 11251 | BV7: 5 | BW7: 33 | BX7: 2 | BY7: 6772 | BZ7: 4434 | CA7: 307549
A8: Y2020 | B8: 17607 | C8: 157 | D8: 905 | E8: 1589 | F8: 1882 | G8: 2088 | H8: 3107 | I8: 489 | J8: 2208 | K8: 1355 | L8: 3824 | M8: 3475 | N8: 2585 | O8: 891 | P8: 3257 | Q8: 7 | R8: 141 | S8: 122 | T8: 801 | U8: 240 | V8: 97 | W8: 298 | X8: 870 | Y8: 686 | Z8: 23108 | AA8: 148 | AB8: 22720 | AC8: 242 | AD8: 766 | AE8: 85 | AF8: 627 | AG8: 55 | AH8: 33291 | AI8: 2668 | AJ8: 1043 | AK8: 1084 | AL8: 13802 | AM8: 3970 | AN8: 2122 | AO8: 2138 | AP8: 2294 | AQ8: 4167 | AR8: 34399 | AS8: 135 | AT8: 4089 | AU8: 1419 | AV8: 3274 | AW8: 5896 | AX8: 3869 | AY8: 3134 | AZ8: 3596 | BA8: 8988 | BB8: 119746 | BC8: 5691 | BD8: 10600 | BE8: 751 | BF8: 15673 | BG8: 12455 | BH8: 17588 | BI8: 17885 | BJ8: 33502 | BK8: 5595 | BL8: 46038 | BM8: 1726 | BN8: 5224 | BO8: 1512 | BP8: 10186 | BQ8: 2107 | BR8: 7758 | BS8: 1879 | BT8: 15649 | BU8: 11914 | BV8: 2 | BW8: 60 | BX8: 12 | BY8: 9208 | BZ8: 2632 | CA8: 293603
A9: Y2021 | B9: 16410 | C9: 156 | D9: 966 | E9: 1438 | F9: 1874 | G9: 1727 | H9: 2837 | I9: 491 | J9: 2164 | K9: 1220 | L9: 3535 | M9: 3449 | N9: 2744 | O9: 704 | P9: 4247 | Q9: 2 | R9: 102 | S9: 134 | T9: 1051 | U9: 281 | V9: 115 | W9: 426 | X9: 1425 | Y9: 712 | Z9: 34552 | AA9: 200 | AB9: 34044 | AC9: 310 | AD9: 831 | AE9: 90 | AF9: 680 | AG9: 61 | AH9: 37021 | AI9: 3051 | AJ9: 1286 | AK9: 1152 | AL9: 14770 | AM9: 3861 | AN9: 3289 | AO9: 2677 | AP9: 2448 | AQ9: 4490 | AR9: 36977 | AS9: 174 | AT9: 4349 | AU9: 1678 | AV9: 3217 | AW9: 4692 | AX9: 4281 | AY9: 4050 | AZ9: 4056 | BA9: 10479 | BB9: 135405 | BC9: 5352 | BD9: 12971 | BE9: 971 | BF9: 16935 | BG9: 13204 | BH9: 17682 | BI9: 19654 | BJ9: 42876 | BK9: 5759 | BL9: 50131 | BM9: 1958 | BN9: 5647 | BO9: 1632 | BP9: 10984 | BQ9: 2411 | BR9: 8175 | BS9: 2067 | BT9: 17260 | BU9: 11211 | BV9: 4 | BW9: 56 | BX9: 11 | BY9: 6525 | BZ9: 4615 | CA9: 330234
A10: Y2022 | B10: 19518 | C10: 167 | D10: 1070 | E10: 1809 | F10: 2449 | G10: 2011 | H10: 3163 | I10: 565 | J10: 2566 | K10: 1660 | L10: 4063 | M10: 3850 | N10: 3170 | O10: 682 | P10: 4653 | Q10: 4 | R10: 135 | S10: 148 | T10: 1444 | U10: 365 | V10: 125 | W10: 604 | X10: 945 | Y10: 881 | Z10: 65806 | AA10: 375 | AB10: 65082 | AC10: 352 | AD10: 1094 | AE10: 128 | AF10: 888 | AG10: 76 | AH10: 51393 | AI10: 3755 | AJ10: 3401 | AK10: 1267 | AL10: 19106 | AM10: 4657 | AN10: 5706 | AO10: 3148 | AP10: 2866 | AQ10: 7484 | AR10: 44021 | AS10: 202 | AT10: 5123 | AU10: 2045 | AV10: 3802 | AW10: 5323 | AX10: 4835 | AY10: 5214 | AZ10: 5023 | BA10: 12450 | BB10: 156900 | BC10: 6250 | BD10: 15810 | BE10: 1095 | BF10: 19875 | BG10: 14727 | BH10: 20341 | BI10: 23299 | BJ10: 50050 | BK10: 5454 | BL10: 57476 | BM10: 2136 | BN10: 6266 | BO10: 2203 | BP10: 12829 | BQ10: 3104 | BR10: 9104 | BS10: 2481 | BT10: 19352 | BU10: 12292 | BV10: 3 | BW10: 80 | BX10: 17 | BY10: 6959 | BZ10: 5229 | CA10: 417002
A11: Y2023 | B11: 19684 | C11: 212 | D11: 1035 | E11: 2034 | F11: 2230 | G11: 2136 | H11: 3366 | I11: 611 | J11: 2582 | K11: 1438 | L11: 4035 | M11: 3518 | N11: 2928 | O11: 588 | P11: 3931 | Q11: 2 | R11: 120 | S11: 130 | T11: 841 | U11: 280 | V11: 119 | W11: 478 | X11: 1019 | Y11: 942 | Z11: 60651 | AA11: 306 | AB11: 60057 | AC11: 293 | AD11: 988 | AE11: 161 | AF11: 750 | AG11: 78 | AH11: 42831 | AI11: 2720 | AJ11: 2830 | AK11: 1148 | AL11: 17000 | AM11: 5168 | AN11: 3561 | AO11: 2728 | AP11: 2703 | AQ11: 4973 | AR11: 40640 | AS11: 176 | AT11: 5189 | AU11: 1733 | AV11: 3827 | AW11: 4277 | AX11: 4605 | AY11: 4746 | AZ11: 4174 | BA11: 11917 | BB11: 173355 | BC11: 7368 | BD11: 18321 | BE11: 1171 | BF11: 20852 | BG11: 12531 | BH11: 20204 | BI11: 23989 | BJ11: 62922 | BK11: 5995 | BL11: 55698 | BM11: 1960 | BN11: 5336 | BO11: 2249 | BP11: 12165 | BQ11: 2886 | BR11: 10010 | BS11: 2601 | BT11: 18494 | BU11: 12575 | BV11: 6 | BW11: 66 | BX11: 19 | BY11: 8565 | BZ11: 3917 | CA11: 413869
A12: Y2024 | B12: 22293 | C12: 201 | D12: 1251 | E12: 1935 | F12: 2405 | G12: 2526 | H12: 3913 | I12: 688 | J12: 3250 | K12: 1647 | L12: 4477 | M12: 3349 | N12: 2906 | O12: 441 | P12: 4119 | Q12: 6 | R12: 151 | S12: 141 | T12: 917 | U12: 276 | V12: 121 | W12: 362 | X12: 1143 | Y12: 1006 | Z12: 56749 | AA12: 260 | AB12: 56183 | AC12: 306 | AD12: 1257 | AE12: 204 | AF12: 973 | AG12: 78 | AH12: 45032 | AI12: 2723 | AJ12: 2683 | AK12: 1265 | AL12: 17012 | AM12: 5568 | AN12: 4652 | AO12: 2957 | AP12: 2840 | AQ12: 5337 | AR12: 43611 | AS12: 151 | AT12: 5553 | AU12: 1776 | AV12: 4210 | AW12: 4547 | AX12: 4461 | AY12: 5952 | AZ12: 4285 | BA12: 12677 | BB12: 180686 | BC12: 7929 | BD12: 15321 | BE12: 1101 | BF12: 23737 | BG12: 14902 | BH12: 20144 | BI12: 28336 | BJ12: 62025 | BK12: 7195 | BL12: 59310 | BM12: 1973 | BN12: 5994 | BO12: 2216 | BP12: 12814 | BQ12: 2948 | BR12: 10288 | BS12: 2713 | BT12: 20362 | BU12: 13470 | BV12: 1 | BW12: 57 | BX12: 18 | BY12: 9876 | BZ12: 3513 | CA12: 429873
A13: Y2025 | B13: 24515 | C13: 190 | D13: 1252 | E13: 2295 | F13: 2548 | G13: 2618 | H13: 4138 | I13: 715 | J13: 4510 | K13: 1518 | L13: 4731 | M13: 3378 | N13: 2913 | O13: 463 | P13: 5285 | Q13: 7 | R13: 145 | S13: 142 | T13: 953 | U13: 270 | V13: 127 | W13: 481 | X13: 2129 | Y13: 1030 | Z13: 53258 | AA13: 197 | AB13: 52742 | AC13: 317 | AD13: 1282 | AE13: 135 | AF13: 1052 | AG13: 94 | AH13: 47675 | AI13: 2807 | AJ13: 2888 | AK13: 1234 | AL13: 18490 | AM13: 5842 | AN13: 5109 | AO13: 2795 | AP13: 3004 | AQ13: 5504 | AR13: 45872 | AS13: 150 | AT13: 5746 | AU13: 1879 | AV13: 4117 | AW13: 4729 | AX13: 4671 | AY13: 5364 | AZ13: 5583 | BA13: 13641 | BB13: 190956 | BC13: 8883 | BD13: 14643 | BE13: 1058 | BF13: 23637 | BG13: 19183 | BH13: 21727 | BI13: 32803 | BJ13: 59473 | BK13: 9546 | BL13: 63028 | BM13: 2011 | BN13: 6346 | BO13: 2225 | BP13: 13100 | BQ13: 3120 | BR13: 10829 | BS13: 2808 | BT13: 22590 | BU13: 25622 | BV13: 6 | BW13: 71 | BX13: 22 | BY13: 20614 | BZ13: 4904 | CA13: 460866
A16: Import % | B16: 0 Food and live animals ; | C16: 00 Live animals (excl. fish (not marine mammals) crustaceans, molluscs and aquatic invertebrates of SITC Division 03) ; | D16: 01 Meat and meat preparations ; | E16: 02 Dairy products and birds’ eggs ; | F16: 03 Fish (excl. marine mammals) crustaceans, molluscs and aquatic invertebrates, and preparations thereof (excl. extracts and juices of fish, crustaceans, molluscs or other aquatic invertebrates, prepared or preserved of SITC 01710) ; | G16: 04 Cereals and cereal preparations ; | H16: 05 Vegetables and fruit ; | I16: 06 Sugars, sugar preparations and honey ; | J16: 07 Coffee, tea, cocoa, spices, and manufactures thereof ; | K16: 08 Feeding stuff for animals (excl. unmilled cereals) ; | L16: 09 Miscellaneous edible products and preparations ; | M16: 1 Beverages and tobacco ; | N16: 11 Beverages ; | O16: 12 Tobacco and tobacco manufactures ; | P16: 2 Crude materials, inedible, except fuels ; | Q16: 21 Hides, skins and furskins, raw ; | R16: 22 Oil-seeds and oleaginous fruits ; | S16: 23 Crude rubber (incl. synthetic and reclaimed) ; | T16: 24 Cork and wood ; | U16: 25 Pulp and waste paper ; | V16: 26 Textile fibres (excl. wool tops and other combed wool) and their wastes, not manufactured into yarn or fabric ; | W16: 27 Crude fertilizers (excl. those of Division 56) and crude minerals (excl. coal, petroleum and precious stones) ; | X16: 28 Metalliferous ores and metal scrap ; | Y16: 29 Crude animal and vegetable materials, nes ; | Z16: 3 Mineral fuels, lubricants and related materials ; | AA16: 32 Coal, coke and briquettes ; | AB16: 33 Petroleum, petroleum products and related materials ; | AC16: 34 Gas, natural and manufactured ; | AD16: 4 Animal and vegetable oils, fats and waxes ; | AE16: 41 Animal oils and fats ; | AF16: 42 Fixed vegetable fats and oils, crude, refined or fractionated ; | AG16: 43 Animal or vegetable fats and oils, processed; waxes of animal or vegetable origin; inedible mixtures or preparations of animal or vegetable fats or oils, nes ; | AH16: 5 Chemicals and related products, nes ; | AI16: 51 Organic chemicals ; | AJ16: 52 Inorganic chemicals ; | AK16: 53 Dyeing, tanning and colouring materials ; | AL16: 54 Medicinal and pharmaceutical products ; | AM16: 55 Essential oils and resinoids and perfume materials; toilet, polishing and cleansing preparations ; | AN16: 56 Fertilisers (excl. those of group 272) ; | AO16: 57 Plastics in primary forms ; | AP16: 58 Plastics in non-primary forms ; | AQ16: 59 Chemical materials and products, nes ; | AR16: 6 Manufactured goods classified chiefly by material ; | AS16: 61 Leather, leather manufactures, nes, and dressed furskins ; | AT16: 62 Rubber manufactures, nes ; | AU16: 63 Cork and wood manufactures (excl. furniture) ; | AV16: 64 Paper, paperboard and articles of paper pulp, of paper or of paperboard ; | AW16: 65 Textile yarn, fabrics, made-up articles nes, and related products ; | AX16: 66 Non-metallic mineral manufactures, nes ; | AY16: 67 Iron and steel ; | AZ16: 68 Non-ferrous metals ; | BA16: 69 Manufactures of metals, nes ; | BB16: 7 Machinery and transport equipment ; | BC16: 71 Power generating machinery and equipment ; | BD16: 72 Machinery specialized for particular industries ; | BE16: 73 Metalworking machinery ; | BF16: 74 General industrial machinery and equipment, nes, and machine parts, nes ; | BG16: 75 Office machines and automatic data processing machines ; | BH16: 76 Telecommunications and sound recording and reproducing apparatus and equipment ; | BI16: 77 Electrical machinery, apparatus and appliances, nes, and electrical parts thereof (incl. non electrical counterparts, nes, of electrical household type equipment) ; | BJ16: 78 Road vehicles (incl. air-cushion vehicles) ; | BK16: 79 Transport equipment (excl. road vehicles) ; | BL16: 8 Miscellaneous manufactured articles ; | BM16: 81 Prefabricated buildings and sanitary, plumbing, heating and lighting fixtures and fittings, nes ; | BN16: 82 Furniture and parts thereof; bedding, mattresses, mattress supports, cushions and similar stuffed furnishings ; | BO16: 83 Travel goods, handbags and similar containers ; | BP16: 84 Articles of apparel and clothing accessories ; | BQ16: 85 Footwear ; | BR16: 87 Professional, scientific and controlling instruments and apparatus, nes ; | BS16: 88 Photographic apparatus, equipment and supplies and optical goods, nes; watches and clocks ; | BT16: 89 Miscellaneous manufactured articles, nes ; | BU16: 9 Commodities and transactions not classified elsewhere in the SITC ; | BV16: 93 Special transactions and commodities not classified according to kind ; | BW16: 95 Gold coin whether or not legal tender, and other coin being legal tender ; | BX16: 96 Coin (excl. gold coin) not being legal tender ; | BY16: 97 Gold, non-monetary (excl. gold ores and concentrates) ; | BZ16: 98 Combined confidential items excluding some of SITC 28099 (exports only) and some of SITC 51099 (imports only) ; | CA16: -1 TOTAL ;
A17: Y2016 | B17: =B4/$CA4 -> 0.054952918 | C17: =C4/$B4 -> 0.0086570795 | D17: =D4/$B4 -> 0.055805967 | E17: =E4/$B4 -> 0.07691207 | F17: =F4/$B4 -> 0.1325034 | G17: =G4/$B4 -> 0.090505831 | H17: =H4/$B4 -> 0.18609144 | I17: =I4/$B4 -> 0.034556772 | J17: =J4/$B4 -> 0.14130357 | ... L17: =L4/$B4 -> 0.20805609 | M17: =M4/$CA4 -> 0.012860485 | N17: =N4/$M4 -> 0.68511159 | O17: =O4/$M4 -> 0.31397126 | P17: =P4/$CA4 -> 0.012604926 | Q17: =Q4/$P4 -> 0.0015595758 | R17: =R4/$P4 -> 0.027448534 | S17: =S4/$P4 -> 0.031815346 | T17: =T4/$P4 -> 0.25452277 | U17: =U4/$P4 -> 0.066126014 | V17: =V4/$P4 -> 0.030879601 | W17: =W4/$P4 -> 0.097005614 | X17: =X4/$P4 -> 0.31721772 | Y17: =Y4/$P4 -> 0.17186525 | Z17: =Z4/$CA4 -> 0.092803082 | AA17: =AA4/$Z4 -> 0.0021606507 | AB17: =AB4/$Z4 -> 0.98775631 | AC17: =AC4/$Z4 -> 0.010083037 | AD17: =AD4/$CA4 -> 0.0027521673 | AE17: =AE4/$AD4 -> 0.087142857 | AF17: =AF4/$AD4 -> 0.85142857 | AG17: =AG4/$AD4 -> 0.062857143 | AH17: =AH4/$CA4 -> 0.10892685 | AI17: =AI4/$AH4 -> 0.086987908 | AJ17: =AJ4/$AH4 -> 0.056560188 | AK17: =AK4/$AH4 -> 0.035986284 | AL17: =AL4/$AH4 -> 0.40519762 | AM17: =AM4/$AH4 -> 0.10604584 | AN17: =AN4/$AH4 -> 0.060711063 | AO17: =AO4/$AH4 -> 0.070673164 | AP17: =AP4/$AH4 -> 0.070276123 | AQ17: =AQ4/$AH4 -> 0.10748962 | AR17: =AR4/$CA4 -> 0.11096346 | AS17: =AS4/$AR4 -> 0.0058108635 | AT17: =AT4/$AR4 -> 0.12043369 | AU17: =AU4/$AR4 -> 0.046238883 | AV17: =AV4/$AR4 -> 0.10626085 | AW17: =AW4/$AR4 -> 0.1267406 | AX17: =AX4/$AR4 -> 0.13630727 | AY17: =AY4/$AR4 -> 0.089714063 | AZ17: =AZ4/$AR4 -> 0.095347766 | BA17: =BA4/$AR4 -> 0.27318145 | BB17: =BB4/$CA4 -> 0.40626708 | BC17: =BC4/$BB4 -> 0.042861843 | BD17: =BD4/$BB4 -> 0.074178376 | BE17: =BE4/$BB4 -> 0.0057581388 | BF17: =BF4/$BB4 -> 0.14011149 | BG17: =BG4/$BB4 -> 0.09457864 | BH17: =BH4/$BB4 -> 0.14127279 | BI17: =BI4/$BB4 -> 0.12666938 | BJ17: =BJ4/$BB4 -> 0.33302365 | BK17: =BK4/$BB4 -> 0.041565052 | BL17: =BL4/$CA4 -> 0.15870176 | BM17: =BM4/$BL4 -> 0.041149511 | BN17: =BN4/$BL4 -> 0.10593336 | BO17: =BO4/$BL4 -> 0.036219497 | BP17: =BP4/$BL4 -> 0.21332838 | BQ17: =BQ4/$BL4 -> 0.054552211 | BR17: =BR4/$BL4 -> 0.16737272 | BS17: =BS4/$BL4 -> 0.045906107 | BT17: =BT4/$BL4 -> 0.33561254 | BU17: =BU4/$CA4 -> 0.039167273 | BV17: =BV4/$BU4 -> 0.0004015258 | BW17: =BW4/$BU4 -> 0.0041156394 | BX17: =BX4/$BU4 -> 0.00070267015 | BY17: =BY4/$BU4 -> 0.74964866 | BZ17: =BZ4/$BU4 -> 0.24493074 | CA17: =SUM(B17,M17,P17,Z17,AD17,AH17,AR17,BB17,BL17,BU17) -> 1
A18: Y2017 | B18: =B5/$CA5 -> 0.049616533 | C18: =C5/$B5 -> 0.01083613 | D18: =D5/$B5 -> 0.058235459 | E18: =E5/$B5 -> 0.09235179 | F18: =F5/$B5 -> 0.1363255 | G18: =G5/$B5 -> 0.091512864 | H18: =H5/$B5 -> 0.18763982 | I18: =I5/$B5 -> 0.032158837 | J18: =J5/$B5 -> 0.14380593 | ... L18: =L5/$B5 -> 0.18127796 | M18: =M5/$CA5 -> 0.011394737 | N18: =N5/$M5 -> 0.69406393 | O18: =O5/$M5 -> 0.30624049 | P18: =P5/$CA5 -> 0.012293134 | Q18: =Q5/$P5 -> 0.00084650113 | R18: =R5/$P5 -> 0.031320542 | S18: =S5/$P5 -> 0.046557562 | T18: =T5/$P5 -> 0.23589165 | U18: =U5/$P5 -> 0.065462754 | V18: =V5/$P5 -> 0.025677201 | W18: =W5/$P5 -> 0.080699774 | X18: =X5/$P5 -> 0.34452596 | Y18: =Y5/$P5 -> 0.16845372 | Z18: =Z5/$CA5 -> 0.10338512 | AA18: =AA5/$Z5 -> 0.004663647 | AB18: =AB5/$Z5 -> 0.98523738 | AC18: =AC5/$Z5 -> 0.01016608 | AD18: =AD5/$CA5 -> 0.0024350396 | AE18: =AE5/$AD5 -> 0.07977208 | AF18: =AF5/$AD5 -> 0.84188034 | AG18: =AG5/$AD5 -> 0.075498575 | AH18: =AH5/$CA5 -> 0.097311397 | AI18: =AI5/$AH5 -> 0.084230413 | AJ18: =AJ5/$AH5 -> 0.056248663 | AK18: =AK5/$AH5 -> 0.036322806 | AL18: =AL5/$AH5 -> 0.39702003 | AM18: =AM5/$AH5 -> 0.10993085 | AN18: =AN5/$AH5 -> 0.058458687 | AO18: =AO5/$AH5 -> 0.075176445 | AP18: =AP5/$AH5 -> 0.071077208 | AQ18: =AQ5/$AH5 -> 0.11160619 | AR18: =AR5/$CA5 -> 0.099555657 | AS18: =AS5/$AR5 -> 0.0055747187 | AT18: =AT5/$AR5 -> 0.12473433 | AU18: =AU5/$AR5 -> 0.049057524 | AV18: =AV5/$AR5 -> 0.10226125 | AW18: =AW5/$AR5 -> 0.12557054 | AX18: =AX5/$AR5 -> 0.13219052 | AY18: =AY5/$AR5 -> 0.10658165 | AZ18: =AZ5/$AR5 -> 0.086373297 | BA18: =BA5/$AR5 -> 0.26776071 | BB18: =BB5/$CA5 -> 0.40907625 | BC18: =BC5/$BB5 -> 0.040387339 | BD18: =BD5/$BB5 -> 0.075212197 | BE18: =BE5/$BB5 -> 0.0054183307 | BF18: =BF5/$BB5 -> 0.11345425 | BG18: =BG5/$BB5 -> 0.088940331 | BH18: =BH5/$BB5 -> 0.13214283 | BI18: =BI5/$BB5 -> 0.12411284 | BJ18: =BJ5/$BB5 -> 0.31634911 | BK18: =BK5/$BB5 -> 0.10400821 | BL18: =BL5/$CA5 -> 0.14072933 | BM18: =BM5/$BL5 -> 0.040151833 | BN18: =BN5/$BL5 -> 0.10490252 | BO18: =BO5/$BL5 -> 0.037884203 | BP18: =BP5/$BL5 -> 0.21532622 | BQ18: =BQ5/$BL5 -> 0.053659018 | BR18: =BR5/$BL5 -> 0.16129748 | BS18: =BS5/$BL5 -> 0.044884277 | BT18: =BT5/$BL5 -> 0.34179586 | BU18: =BU5/$CA5 -> 0.074220146 | BV18: =BV5/$BU5 -> 0.00056082628 | BW18: =BW5/$BU5 -> 0.000981446 | BX18: =BX5/$BU5 -> 0.00014020657 | BY18: =BY5/$BU5 -> 0.29069496 | BZ18: =BZ5/$BU5 -> 0.70757583 | CA18: =SUM(B18,M18,P18,Z18,AD18,AH18,AR18,BB18,BL18,BU18) -> 1.0000173
A19: Y2018 | B19: =B6/$CA6 -> 0.04976813 | C19: =C6/$B6 -> 0.0111023 | D19: =D6/$B6 -> 0.054321967 | E19: =E6/$B6 -> 0.093840867 | F19: =F6/$B6 -> 0.13302934 | G19: =G6/$B6 -> 0.097739889 | H19: =H6/$B6 -> 0.17492731 | I19: =I6/$B6 -> 0.031919112 | J19: =J6/$B6 -> 0.13421887 | ... L19: =L6/$B6 -> 0.1962728 | M19: =M6/$CA6 -> 0.011646111 | N19: =N6/$M6 -> 0.70036713 | O19: =O6/$M6 -> 0.30019768 | P19: =P6/$CA6 -> 0.013106397 | Q19: =Q6/$P6 -> 0.00050188206 | R19: =R6/$P6 -> 0.028858218 | S19: =S6/$P6 -> 0.040150565 | T19: =T6/$P6 -> 0.26122961 | U19: =U6/$P6 -> 0.071267252 | V19: =V6/$P6 -> 0.024843162 | W19: =W6/$P6 -> 0.079297365 | X19: =X6/$P6 -> 0.32772898 | Y19: =Y6/$P6 -> 0.16612296 | Z19: =Z6/$CA6 -> 0.13324124 | AA19: =AA6/$Z6 -> 0.0043937599 | AB19: =AB6/$Z6 -> 0.98605352 | AC19: =AC6/$Z6 -> 0.0096267773 | AD19: =AD6/$CA6 -> 0.0024864332 | AE19: =AE6/$AD6 -> 0.092592593 | AF19: =AF6/$AD6 -> 0.82936508 | AG19: =AG6/$AD6 -> 0.071428571 | AH19: =AH6/$CA6 -> 0.098131886 | AI19: =AI6/$AH6 -> 0.084023193 | AJ19: =AJ6/$AH6 -> 0.037101585 | AK19: =AK6/$AH6 -> 0.037235647 | AL19: =AL6/$AH6 -> 0.39487884 | AM19: =AM6/$AH6 -> 0.12048798 | AN19: =AN6/$AH6 -> 0.064182056 | AO19: =AO6/$AH6 -> 0.082447967 | AP19: =AP6/$AH6 -> 0.073599893 | AQ19: =AQ6/$AH6 -> 0.10594229 | AR19: =AR6/$CA6 -> 0.10670284 | AS19: =AS6/$AR6 -> 0.0047467867 | AT19: =AT6/$AR6 -> 0.12224517 | AU19: =AU6/$AR6 -> 0.049193971 | AV19: =AV6/$AR6 -> 0.097494067 | AW19: =AW6/$AR6 -> 0.11762167 | AX19: =AX6/$AR6 -> 0.12446445 | AY19: =AY6/$AR6 -> 0.12024165 | AZ19: =AZ6/$AR6 -> 0.08553463 | BA19: =BA6/$AR6 -> 0.27861172 | BB19: =BB6/$CA6 -> 0.39928959 | BC19: =BC6/$BB6 -> 0.0488946 | BD19: =BD6/$BB6 -> 0.086356298 | BE19: =BE6/$BB6 -> 0.0061859576 | BF19: =BF6/$BB6 -> 0.12315904 | BG19: =BG6/$BB6 -> 0.098077493 | BH19: =BH6/$BB6 -> 0.14139567 | BI19: =BI6/$BB6 -> 0.13857039 | BJ19: =BJ6/$BB6 -> 0.32199104 | BK19: =BK6/$BB6 -> 0.03536951 | BL19: =BL6/$CA6 -> 0.14569643 | BM19: =BM6/$BL6 -> 0.040384659 | BN19: =BN6/$BL6 -> 0.11002506 | BO19: =BO6/$BL6 -> 0.041603648 | BP19: =BP6/$BL6 -> 0.21397774 | BQ19: =BQ6/$BL6 -> 0.052461681 | BR19: =BR6/$BL6 -> 0.166234 | BS19: =BS6/$BL6 -> 0.04365787 | BT19: =BT6/$BL6 -> 0.33163277 | BU19: =BU6/$CA6 -> 0.039927643 | BV19: =BV6/$BU6 -> 0.00041186161 | BW19: =BW6/$BU6 -> 0.0024711697 | BX19: =BX6/$BU6 -> 0.00057660626 | BY19: =BY6/$BU6 -> 0.52594728 | BZ19: =BZ6/$BU6 -> 0.47042834 | CA19: =SUM(B19,M19,P19,Z19,AD19,AH19,AR19,BB19,BL19,BU19) -> 0.99999671
A20: Y2019 | B20: =B7/$CA7 -> 0.055074151 | C20: =C7/$B7 -> 0.0085606329 | D20: =D7/$B7 -> 0.060750974 | E20: =E7/$B7 -> 0.087200378 | F20: =F7/$B7 -> 0.12008502 | G20: =G7/$B7 -> 0.11311843 | H20: =H7/$B7 -> 0.16566301 | I20: =I7/$B7 -> 0.028633841 | J20: =J7/$B7 -> 0.12581178 | ... L20: =L7/$B7 -> 0.21714488 | M20: =M7/$CA7 -> 0.012349252 | N20: =N7/$M7 -> 0.70774092 | O20: =O7/$M7 -> 0.29304897 | P20: =P7/$CA7 -> 0.010203252 | Q20: =Q7/$P7 -> 0.0022307202 | R20: =R7/$P7 -> 0.040471638 | S20: =S7/$P7 -> 0.046845124 | T20: =T7/$P7 -> 0.25525813 | U20: =U7/$P7 -> 0.082855322 | V20: =V7/$P7 -> 0.031230083 | W20: =W7/$P7 -> 0.091140854 | X20: =X7/$P7 -> 0.23709369 | Y20: =Y7/$P7 -> 0.21191842 | Z20: =Z7/$CA7 -> 0.12613925 | AA20: =AA7/$Z7 -> 0.005232768 | AB20: =AB7/$Z7 -> 0.98873537 | AC20: =AC7/$Z7 -> 0.006083415 | AD20: =AD7/$CA7 -> 0.0023573479 | AE20: =AE7/$AD7 -> 0.11448276 | AF20: =AF7/$AD7 -> 0.79862069 | AG20: =AG7/$AD7 -> 0.088275862 | AH20: =AH7/$CA7 -> 0.10087498 | AI20: =AI7/$AH7 -> 0.072846828 | AJ20: =AJ7/$AH7 -> 0.033232336 | AK20: =AK7/$AH7 -> 0.034940691 | AL20: =AL7/$AH7 -> 0.42264054 | AM20: =AM7/$AH7 -> 0.12458097 | AN20: =AN7/$AH7 -> 0.069301186 | AO20: =AO7/$AH7 -> 0.071267406 | AP20: =AP7/$AH7 -> 0.071750903 | AQ20: =AQ7/$AH7 -> 0.099600309 | AR20: =AR7/$CA7 -> 0.10497839 | AS20: =AS7/$AR7 -> 0.0044291643 | AT20: =AT7/$AR7 -> 0.13138822 | AU20: =AU7/$AR7 -> 0.04698631 | AV20: =AV7/$AR7 -> 0.10332652 | AW20: =AW7/$AR7 -> 0.11875116 | AX20: =AX7/$AR7 -> 0.12729976 | AY20: =AY7/$AR7 -> 0.10131326 | AZ20: =AZ7/$AR7 -> 0.089016911 | BA20: =BA7/$AR7 -> 0.27742675 | BB20: =BB7/$CA7 -> 0.4008662 | BC20: =BC7/$BB7 -> 0.051181805 | BD20: =BD7/$BB7 -> 0.086692731 | BE20: =BE7/$BB7 -> 0.007008095 | BF20: =BF7/$BB7 -> 0.12690816 | BG20: =BG7/$BB7 -> 0.095201402 | BH20: =BH7/$BB7 -> 0.14314683 | BI20: =BI7/$BB7 -> 0.14154892 | BJ20: =BJ7/$BB7 -> 0.30243499 | BK20: =BK7/$BB7 -> 0.045909511 | BL20: =BL7/$CA7 -> 0.15057113 | BM20: =BM7/$BL7 -> 0.03761769 | BN20: =BN7/$BL7 -> 0.1076056 | BO20: =BO7/$BL7 -> 0.040727304 | BP20: =BP7/$BL7 -> 0.22037229 | BQ20: =BQ7/$BL7 -> 0.055368403 | BR20: =BR7/$BL7 -> 0.16683942 | BS20: =BS7/$BL7 -> 0.044873456 | BT20: =BT7/$BL7 -> 0.32679019 | BU20: =BU7/$CA7 -> 0.036582788 | BV20: =BV7/$BU7 -> 0.00044440494 | BW20: =BW7/$BU7 -> 0.0029330726 | BX20: =BX7/$BU7 -> 0.00017776198 | BY20: =BY7/$BU7 -> 0.60190205 | BZ20: =BZ7/$BU7 -> 0.3940983 | CA20: =SUM(B20,M20,P20,Z20,AD20,AH20,AR20,BB20,BL20,BU20) -> 0.99999675
A21: Y2020 | B21: =B8/$CA8 -> 0.059968733 | C21: =C8/$B8 -> 0.008916908 | D21: =D8/$B8 -> 0.051400011 | E21: =E8/$B8 -> 0.090248197 | F21: =F8/$B8 -> 0.10688931 | G21: =G8/$B8 -> 0.1185892 | H21: =H8/$B8 -> 0.17646391 | I21: =I8/$B8 -> 0.027773045 | J21: =J8/$B8 -> 0.12540467 | ... L21: =L8/$B8 -> 0.21718635 | M21: =M8/$CA8 -> 0.01183571 | N21: =N8/$M8 -> 0.74388489 | O21: =O8/$M8 -> 0.25640288 | P21: =P8/$CA8 -> 0.011093211 | Q21: =Q8/$P8 -> 0.0021492171 | R21: =R8/$P8 -> 0.043291372 | S21: =S8/$P8 -> 0.037457783 | T21: =T8/$P8 -> 0.24593184 | U21: =U8/$P8 -> 0.073687442 | V21: =V8/$P8 -> 0.029782008 | W21: =W8/$P8 -> 0.091495241 | X21: =X8/$P8 -> 0.26711698 | Y21: =Y8/$P8 -> 0.21062327 | Z21: =Z8/$CA8 -> 0.078704918 | AA21: =AA8/$Z8 -> 0.0064047083 | AB21: =AB8/$Z8 -> 0.98320928 | AC21: =AC8/$Z8 -> 0.010472564 | AD21: =AD8/$CA8 -> 0.0026089652 | AE21: =AE8/$AD8 -> 0.11096606 | AF21: =AF8/$AD8 -> 0.81853786 | AG21: =AG8/$AD8 -> 0.071801567 | AH21: =AH8/$CA8 -> 0.11338781 | AI21: =AI8/$AH8 -> 0.08014178 | AJ21: =AJ8/$AH8 -> 0.031329789 | AK21: =AK8/$AH8 -> 0.032561353 | AL21: =AL8/$AH8 -> 0.41458652 | AM21: =AM8/$AH8 -> 0.11925145 | AN21: =AN8/$AH8 -> 0.063740951 | AO21: =AO8/$AH8 -> 0.064221561 | AP21: =AP8/$AH8 -> 0.068907513 | AQ21: =AQ8/$AH8 -> 0.12516896 | AR21: =AR8/$CA8 -> 0.11716161 | AS21: =AS8/$AR8 -> 0.0039245327 | AT21: =AT8/$AR8 -> 0.11886973 | AU21: =AU8/$AR8 -> 0.041251199 | AV21: =AV8/$AR8 -> 0.095177185 | AW21: =AW8/$AR8 -> 0.17140033 | AX21: =AX8/$AR8 -> 0.1124742 | AY21: =AY8/$AR8 -> 0.0911073 | AZ21: =AZ8/$AR8 -> 0.10453792 | BA21: =BA8/$AR8 -> 0.26128667 | BB21: =BB8/$CA8 -> 0.40785006 | BC21: =BC8/$BB8 -> 0.047525596 | BD21: =BD8/$BB8 -> 0.088520702 | BE21: =BE8/$BB8 -> 0.0062716082 | BF21: =BF8/$BB8 -> 0.13088537 | BG21: =BG8/$BB8 -> 0.10401183 | BH21: =BH8/$BB8 -> 0.14687756 | BI21: =BI8/$BB8 -> 0.14935781 | BJ21: =BJ8/$BB8 -> 0.27977552 | BK21: =BK8/$BB8 -> 0.046723899 | BL21: =BL8/$CA8 -> 0.15680357 | BM21: =BM8/$BL8 -> 0.037490768 | BN21: =BN8/$BL8 -> 0.11347148 | BO21: =BO8/$BL8 -> 0.032842435 | BP21: =BP8/$BL8 -> 0.22125201 | BQ21: =BQ8/$BL8 -> 0.045766541 | BR21: =BR8/$BL8 -> 0.16851297 | BS21: =BS8/$BL8 -> 0.04081411 | BT21: =BT8/$BL8 -> 0.33991485 | BU21: =BU8/$CA8 -> 0.040578604 | BV21: =BV8/$BU8 -> 0.00016786973 | BW21: =BW8/$BU8 -> 0.005036092 | BX21: =BX8/$BU8 -> 0.0010072184 | BY21: =BY8/$BU8 -> 0.77287225 | BZ21: =BZ8/$BU8 -> 0.22091657 | CA21: =SUM(B21,M21,P21,Z21,AD21,AH21,AR21,BB21,BL21,BU21) -> 0.99999319
A22: Y2021 | B22: =B9/$CA9 -> 0.049692037 | C22: =C9/$B9 -> 0.0095063985 | D22: =D9/$B9 -> 0.058866545 | E22: =E9/$B9 -> 0.087629494 | F22: =F9/$B9 -> 0.11419866 | G22: =G9/$B9 -> 0.10524071 | H22: =H9/$B9 -> 0.17288239 | I22: =I9/$B9 -> 0.02992078 | J22: =J9/$B9 -> 0.13187081 | ... L22: =L9/$B9 -> 0.21541743 | M22: =M9/$CA9 -> 0.010444109 | N22: =N9/$M9 -> 0.79559293 | O22: =O9/$M9 -> 0.20411714 | P22: =P9/$CA9 -> 0.012860578 | Q22: =Q9/$P9 -> 0.00047092065 | R22: =R9/$P9 -> 0.024016953 | S22: =S9/$P9 -> 0.031551684 | T22: =T9/$P9 -> 0.2474688 | U22: =U9/$P9 -> 0.066164351 | V22: =V9/$P9 -> 0.027077937 | W22: =W9/$P9 -> 0.1003061 | X22: =X9/$P9 -> 0.33553096 | Y22: =Y9/$P9 -> 0.16764775 | Z22: =Z9/$CA9 -> 0.10462884 | AA22: =AA9/$Z9 -> 0.0057883769 | AB22: =AB9/$Z9 -> 0.98529752 | AC22: =AC9/$Z9 -> 0.0089719843 | AD22: =AD9/$CA9 -> 0.0025163975 | AE22: =AE9/$AD9 -> 0.10830325 | AF22: =AF9/$AD9 -> 0.81829122 | AG22: =AG9/$AD9 -> 0.073405535 | AH22: =AH9/$CA9 -> 0.11210536 | AI22: =AI9/$AH9 -> 0.082412685 | AJ22: =AJ9/$AH9 -> 0.034737041 | AK22: =AK9/$AH9 -> 0.031117474 | AL22: =AL9/$AH9 -> 0.39896275 | AM22: =AM9/$AH9 -> 0.10429216 | AN22: =AN9/$AH9 -> 0.088841468 | AO22: =AO9/$AH9 -> 0.07231031 | AP22: =AP9/$AH9 -> 0.066124632 | AQ22: =AQ9/$AH9 -> 0.12128252 | AR22: =AR9/$CA9 -> 0.11197212 | AS22: =AS9/$AR9 -> 0.0047056278 | AT22: =AT9/$AR9 -> 0.11761365 | AU22: =AU9/$AR9 -> 0.04537956 | AV22: =AV9/$AR9 -> 0.087000027 | AW22: =AW9/$AR9 -> 0.12688969 | AX22: =AX9/$AR9 -> 0.11577467 | AY22: =AY9/$AR9 -> 0.10952754 | AZ22: =AZ9/$AR9 -> 0.10968981 | BA22: =BA9/$AR9 -> 0.28339238 | BB22: =BB9/$CA9 -> 0.41002744 | BC22: =BC9/$BB9 -> 0.039525867 | BD22: =BD9/$BB9 -> 0.095794099 | BE22: =BE9/$BB9 -> 0.0071710794 | BF22: =BF9/$BB9 -> 0.12506924 | BG22: =BG9/$BB9 -> 0.097514863 | BH22: =BH9/$BB9 -> 0.13058602 | BI22: =BI9/$BB9 -> 0.14514974 | BJ22: =BJ9/$BB9 -> 0.31665005 | BK22: =BK9/$BB9 -> 0.042531664 | BL22: =BL9/$CA9 -> 0.15180448 | BM22: =BM9/$BL9 -> 0.039057669 | BN22: =BN9/$BL9 -> 0.11264487 | BO22: =BO9/$BL9 -> 0.032554707 | BP22: =BP9/$BL9 -> 0.21910594 | BQ22: =BQ9/$BL9 -> 0.048093994 | BR22: =BR9/$BL9 -> 0.16307275 | BS22: =BS9/$BL9 -> 0.041231972 | BT22: =BT9/$BL9 -> 0.34429794 | BU22: =BU9/$CA9 -> 0.033948655 | BV22: =BV9/$BU9 -> 0.00035679244 | BW22: =BW9/$BU9 -> 0.0049950941 | BX22: =BX9/$BU9 -> 0.0009811792 | BY22: =BY9/$BU9 -> 0.58201766 | BZ22: =BZ9/$BU9 -> 0.41164927 | CA22: =SUM(B22,M22,P22,Z22,AD22,AH22,AR22,BB22,BL22,BU22) -> 1
A23: Y2022 | B23: =B10/$CA10 -> 0.046805531 | C23: =C10/$B10 -> 0.0085562045 | D23: =D10/$B10 -> 0.054821191 | E23: =E10/$B10 -> 0.092683677 | F23: =F10/$B10 -> 0.12547392 | G23: =G10/$B10 -> 0.1030331 | H23: =H10/$B10 -> 0.16205554 | I23: =I10/$B10 -> 0.028947638 | J23: =J10/$B10 -> 0.13146839 | ... L23: =L10/$B10 -> 0.20816682 | M23: =M10/$CA10 -> 0.0092325696 | N23: =N10/$M10 -> 0.82337662 | O23: =O10/$M10 -> 0.17714286 | P23: =P10/$CA10 -> 0.01115822 | Q23: =Q10/$P10 -> 0.00085966043 | R23: =R10/$P10 -> 0.02901354 | S23: =S10/$P10 -> 0.031807436 | T23: =T10/$P10 -> 0.31033742 | U23: =U10/$P10 -> 0.078444015 | V23: =V10/$P10 -> 0.026864389 | W23: =W10/$P10 -> 0.12980873 | X23: =X10/$P10 -> 0.20309478 | Y23: =Y10/$P10 -> 0.18934021 | Z23: =Z10/$CA10 -> 0.1578074 | AA23: =AA10/$Z10 -> 0.0056985685 | AB23: =AB10/$Z10 -> 0.98899796 | AC23: =AC10/$Z10 -> 0.0053490563 | AD23: =AD10/$CA10 -> 0.0026234886 | AE23: =AE10/$AD10 -> 0.11700183 | AF23: =AF10/$AD10 -> 0.81170018 | AG23: =AG10/$AD10 -> 0.069469835 | AH23: =AH10/$CA10 -> 0.12324401 | AI23: =AI10/$AH10 -> 0.073064425 | AJ23: =AJ10/$AH10 -> 0.066176328 | AK23: =AK10/$AH10 -> 0.024653163 | AL23: =AL10/$AH10 -> 0.37176269 | AM23: =AM10/$AH10 -> 0.090615453 | AN23: =AN10/$AH10 -> 0.11102679 | AO23: =AO10/$AH10 -> 0.061253478 | AP23: =AP10/$AH10 -> 0.05576635 | AQ23: =AQ10/$AH10 -> 0.14562294 | AR23: =AR10/$CA10 -> 0.10556544 | AS23: =AS10/$AR10 -> 0.004588719 | AT23: =AT10/$AR10 -> 0.11637627 | AU23: =AU10/$AR10 -> 0.046455101 | AV23: =AV10/$AR10 -> 0.08636787 | AW23: =AW10/$AR10 -> 0.12091956 | AX23: =AX10/$AR10 -> 0.10983394 | AY23: =AY10/$AR10 -> 0.11844347 | AZ23: =AZ10/$AR10 -> 0.11410463 | BA23: =BA10/$AR10 -> 0.28281956 | BB23: =BB10/$CA10 -> 0.37625719 | BC23: =BC10/$BB10 -> 0.039834289 | BD23: =BD10/$BB10 -> 0.10076482 | BE23: =BE10/$BB10 -> 0.0069789675 | BF23: =BF10/$BB10 -> 0.12667304 | BG23: =BG10/$BB10 -> 0.093862333 | BH23: =BH10/$BB10 -> 0.12964308 | BI23: =BI10/$BB10 -> 0.14849586 | BJ23: =BJ10/$BB10 -> 0.31899299 | BK23: =BK10/$BB10 -> 0.034760994 | BL23: =BL10/$CA10 -> 0.13783147 | BM23: =BM10/$BL10 -> 0.037163338 | BN23: =BN10/$BL10 -> 0.10901942 | BO23: =BO10/$BL10 -> 0.038329042 | BP23: =BP10/$BL10 -> 0.22320621 | BQ23: =BQ10/$BL10 -> 0.05400515 | BR23: =BR10/$BL10 -> 0.15839655 | BS23: =BS10/$BL10 -> 0.043165843 | BT23: =BT10/$BL10 -> 0.33669706 | BU23: =BU10/$CA10 -> 0.029477077 | BV23: =BV10/$BU10 -> 0.00024406118 | BW23: =BW10/$BU10 -> 0.0065082981 | BX23: =BX10/$BU10 -> 0.0013830133 | BY23: =BY10/$BU10 -> 0.56614058 | BZ23: =BZ10/$BU10 -> 0.42539863 | CA23: =SUM(B23,M23,P23,Z23,AD23,AH23,AR23,BB23,BL23,BU23) -> 1.0000024
A24: Y2023 | B24: =B11/$CA11 -> 0.047560943 | C24: =C11/$B11 -> 0.010770169 | D24: =D11/$B11 -> 0.052580776 | E24: =E11/$B11 -> 0.10333266 | F24: =F11/$B11 -> 0.11328998 | G24: =G11/$B11 -> 0.10851453 | H24: =H11/$B11 -> 0.17100183 | I24: =I11/$B11 -> 0.031040439 | J24: =J11/$B11 -> 0.13117253 | ... L24: =L11/$B11 -> 0.20498882 | M24: =M11/$CA11 -> 0.0085002742 | N24: =N11/$M11 -> 0.83229107 | O24: =O11/$M11 -> 0.16714042 | P24: =P11/$CA11 -> 0.0094981745 | Q24: =Q11/$P11 -> 0.00050877639 | R24: =R11/$P11 -> 0.030526584 | S24: =S11/$P11 -> 0.033070466 | T24: =T11/$P11 -> 0.21394047 | U24: =U11/$P11 -> 0.071228695 | V24: =V11/$P11 -> 0.030272195 | W24: =W11/$P11 -> 0.12159756 | X24: =X11/$P11 -> 0.25922157 | Y24: =Y11/$P11 -> 0.23963368 | Z24: =Z11/$CA11 -> 0.14654637 | AA24: =AA11/$Z11 -> 0.0050452589 | AB24: =AB11/$Z11 -> 0.99020626 | AC24: =AC11/$Z11 -> 0.0048309179 | AD24: =AD11/$CA11 -> 0.0023872288 | AE24: =AE11/$AD11 -> 0.16295547 | AF24: =AF11/$AD11 -> 0.75910931 | AG24: =AG11/$AD11 -> 0.078947368 | AH24: =AH11/$CA11 -> 0.10348927 | AI24: =AI11/$AH11 -> 0.063505405 | AJ24: =AJ11/$AH11 -> 0.066073638 | AK24: =AK11/$AH11 -> 0.026803017 | AL24: =AL11/$AH11 -> 0.39690878 | AM24: =AM11/$AH11 -> 0.12066027 | AN24: =AN11/$AH11 -> 0.083140716 | AO24: =AO11/$AH11 -> 0.063692186 | AP24: =AP11/$AH11 -> 0.063108496 | AQ24: =AQ11/$AH11 -> 0.11610749 | AR24: =AR11/$CA11 -> 0.098195323 | AS24: =AS11/$AR11 -> 0.0043307087 | AT24: =AT11/$AR11 -> 0.12768209 | AU24: =AU11/$AR11 -> 0.042642717 | AV24: =AV11/$AR11 -> 0.094168307 | AW24: =AW11/$AR11 -> 0.10524114 | AX24: =AX11/$AR11 -> 0.11331201 | AY24: =AY11/$AR11 -> 0.1167815 | AZ24: =AZ11/$AR11 -> 0.10270669 | BA24: =BA11/$AR11 -> 0.29323327 | BB24: =BB11/$CA11 -> 0.41886442 | BC24: =BC11/$BB11 -> 0.04250238 | BD24: =BD11/$BB11 -> 0.10568487 | BE24: =BE11/$BB11 -> 0.0067549249 | BF24: =BF11/$BB11 -> 0.12028496 | BG24: =BG11/$BB11 -> 0.072285195 | BH24: =BH11/$BB11 -> 0.11654697 | BI24: =BI11/$BB11 -> 0.13838078 | BJ24: =BJ11/$BB11 -> 0.36296617 | BK24: =BK11/$BB11 -> 0.034582216 | BL24: =BL11/$CA11 -> 0.13457882 | BM24: =BM11/$BL11 -> 0.035189773 | BN24: =BN11/$BL11 -> 0.095802363 | BO24: =BO11/$BL11 -> 0.04037847 | BP24: =BP11/$BL11 -> 0.21841 | BQ24: =BQ11/$BL11 -> 0.051815146 | BR24: =BR11/$BL11 -> 0.1797192 | BS24: =BS11/$BL11 -> 0.046698266 | BT24: =BT11/$BL11 -> 0.33204065 | BU24: =BU11/$CA11 -> 0.03038401 | BV24: =BV11/$BU11 -> 0.00047713718 | BW24: =BW11/$BU11 -> 0.0052485089 | BX24: =BX11/$BU11 -> 0.0015109344 | BY24: =BY11/$BU11 -> 0.68111332 | BZ24: =BZ11/$BU11 -> 0.31149105 | CA24: =SUM(B24,M24,P24,Z24,AD24,AH24,AR24,BB24,BL24,BU24) -> 1.0000048
A25: Y2024 | B25: =B12/$CA12 -> 0.051859503 | C25: =C12/$B12 -> 0.0090162831 | D25: =D12/$B12 -> 0.05611627 | E25: =E12/$B12 -> 0.086798547 | F25: =F12/$B12 -> 0.1078814 | G25: =G12/$B12 -> 0.11330911 | H25: =H12/$B12 -> 0.17552595 | I25: =I12/$B12 -> 0.030861705 | J25: =J12/$B12 -> 0.14578567 | ... L25: =L12/$B12 -> 0.20082537 | M25: =M12/$CA12 -> 0.0077906731 | N25: =N12/$M12 -> 0.86772171 | O25: =O12/$M12 -> 0.1316811 | P25: =P12/$CA12 -> 0.0095818998 | Q25: =Q12/$P12 -> 0.0014566642 | R25: =R12/$P12 -> 0.036659383 | S25: =S12/$P12 -> 0.03423161 | T25: =T12/$P12 -> 0.22262685 | U25: =U12/$P12 -> 0.067006555 | V25: =V12/$P12 -> 0.029376062 | W25: =W12/$P12 -> 0.087885409 | X25: =X12/$P12 -> 0.27749454 | Y25: =Y12/$P12 -> 0.24423404 | Z25: =Z12/$CA12 -> 0.13201341 | AA25: =AA12/$Z12 -> 0.0045815785 | AB25: =AB12/$Z12 -> 0.99002626 | AC25: =AC12/$Z12 -> 0.0053921655 | AD25: =AD12/$CA12 -> 0.0029241194 | AE25: =AE12/$AD12 -> 0.16229117 | AF25: =AF12/$AD12 -> 0.77406523 | AG25: =AG12/$AD12 -> 0.062052506 | AH25: =AH12/$CA12 -> 0.10475652 | AI25: =AI12/$AH12 -> 0.060468112 | AJ25: =AJ12/$AH12 -> 0.059579854 | AK25: =AK12/$AH12 -> 0.028091135 | AL25: =AL12/$AH12 -> 0.3777758 | AM25: =AM12/$AH12 -> 0.12364541 | AN25: =AN12/$AH12 -> 0.10330432 | AO25: =AO12/$AH12 -> 0.065664416 | AP25: =AP12/$AH12 -> 0.063066264 | AQ25: =AQ12/$AH12 -> 0.11851572 | AR25: =AR12/$CA12 -> 0.10145089 | AS25: =AS12/$AR12 -> 0.0034624292 | AT25: =AT12/$AR12 -> 0.12733026 | AU25: =AU12/$AR12 -> 0.040723671 | AV25: =AV12/$AR12 -> 0.096535278 | AW25: =AW12/$AR12 -> 0.10426269 | AX25: =AX12/$AR12 -> 0.10229071 | AY25: =AY12/$AR12 -> 0.13647933 | AZ25: =AZ12/$AR12 -> 0.098255027 | BA25: =BA12/$AR12 -> 0.29068354 | BB25: =BB12/$CA12 -> 0.42032414 | BC25: =BC12/$BB12 -> 0.043882758 | BD25: =BD12/$BB12 -> 0.084793509 | BE25: =BE12/$BB12 -> 0.0060934439 | BF25: =BF12/$BB12 -> 0.13137155 | BG25: =BG12/$BB12 -> 0.082474569 | BH25: =BH12/$BB12 -> 0.11148622 | BI25: =BI12/$BB12 -> 0.15682455 | BJ25: =BJ12/$BB12 -> 0.34327507 | BK25: =BK12/$BB12 -> 0.039820462 | BL25: =BL12/$CA12 -> 0.13797098 | BM25: =BM12/$BL12 -> 0.033265891 | BN25: =BN12/$BL12 -> 0.10106222 | BO25: =BO12/$BL12 -> 0.037363008 | BP25: =BP12/$BL12 -> 0.21605126 | BQ25: =BQ12/$BL12 -> 0.04970494 | BR25: =BR12/$BL12 -> 0.17346147 | BS25: =BS12/$BL12 -> 0.045742708 | BT25: =BT12/$BL12 -> 0.34331479 | BU25: =BU12/$CA12 -> 0.031334836 | BV25: =BV12/$BU12 -> 7.423905e-05 | BW25: =BW12/$BU12 -> 0.0042316258 | BX25: =BX12/$BU12 -> 0.0013363029 | BY25: =BY12/$BU12 -> 0.73318486 | BZ25: =BZ12/$BU12 -> 0.26080178 | CA25: =SUM(B25,M25,P25,Z25,AD25,AH25,AR25,BB25,BL25,BU25) -> 1.000007
A26: Y2025 | B26: =B13/$CA13 -> 0.053193336 | C26: =C13/$B13 -> 0.0077503569 | D26: =D13/$B13 -> 0.051070773 | E26: =E13/$B13 -> 0.093616153 | F26: =F13/$B13 -> 0.10393637 | G26: =G13/$B13 -> 0.10679176 | H26: =H13/$B13 -> 0.16879462 | I26: =I13/$B13 -> 0.029165817 | J26: =J13/$B13 -> 0.183969 | ... L26: =L13/$B13 -> 0.19298389 | M26: =M13/$CA13 -> 0.0073296793 | N26: =N13/$M13 -> 0.86234458 | O26: =O13/$M13 -> 0.13706335 | P26: =P13/$CA13 -> 0.011467542 | Q26: =Q13/$P13 -> 0.0013245033 | R26: =R13/$P13 -> 0.02743614 | S26: =S13/$P13 -> 0.026868496 | T26: =T13/$P13 -> 0.18032167 | U26: =U13/$P13 -> 0.051087985 | V26: =V13/$P13 -> 0.024030274 | W26: =W13/$P13 -> 0.091012299 | X26: =X13/$P13 -> 0.40283822 | Y26: =Y13/$P13 -> 0.1948912 | Z26: =Z13/$CA13 -> 0.11556071 | AA26: =AA13/$Z13 -> 0.0036989748 | AB26: =AB13/$Z13 -> 0.99031131 | AC26: =AC13/$Z13 -> 0.0059521574 | AD26: =AD13/$CA13 -> 0.0027817196 | AE26: =AE13/$AD13 -> 0.10530421 | AF26: =AF13/$AD13 -> 0.82059282 | AG26: =AG13/$AD13 -> 0.073322933 | AH26: =AH13/$CA13 -> 0.10344655 | AI26: =AI13/$AH13 -> 0.058877819 | AJ26: =AJ13/$AH13 -> 0.060576822 | AK26: =AK13/$AH13 -> 0.025883587 | AL26: =AL13/$AH13 -> 0.38783429 | AM26: =AM13/$AH13 -> 0.12253802 | AN26: =AN13/$AH13 -> 0.10716308 | AO26: =AO13/$AH13 -> 0.058626114 | AP26: =AP13/$AH13 -> 0.063009963 | AQ26: =AQ13/$AH13 -> 0.11544835 | AR26: =AR13/$CA13 -> 0.099534355 | AS26: =AS13/$AR13 -> 0.0032699686 | AT26: =AT13/$AR13 -> 0.1252616 | AU26: =AU13/$AR13 -> 0.040961807 | AV26: =AV13/$AR13 -> 0.089749738 | AW26: =AW13/$AR13 -> 0.10309121 | AX26: =AX13/$AR13 -> 0.10182682 | AY26: =AY13/$AR13 -> 0.11693408 | AZ26: =AZ13/$AR13 -> 0.12170823 | BA26: =BA13/$AR13 -> 0.29737095 | BB26: =BB13/$CA13 -> 0.4143417 | BC26: =BC13/$BB13 -> 0.04651857 | BD26: =BD13/$BB13 -> 0.076682587 | BE26: =BE13/$BB13 -> 0.0055405434 | BF26: =BF13/$BB13 -> 0.12378244 | BG26: =BG13/$BB13 -> 0.1004577 | BH26: =BH13/$BB13 -> 0.11378014 | BI26: =BI13/$BB13 -> 0.17178303 | BJ26: =BJ13/$BB13 -> 0.31144871 | BK26: =BK13/$BB13 -> 0.049990574 | BL26: =BL13/$CA13 -> 0.13675993 | BM26: =BM13/$BL13 -> 0.031906454 | BN26: =BN13/$BL13 -> 0.10068541 | BO26: =BO13/$BL13 -> 0.035301771 | BP26: =BP13/$BL13 -> 0.20784413 | BQ26: =BQ13/$BL13 -> 0.049501809 | BR26: =BR13/$BL13 -> 0.17181253 | BS26: =BS13/$BL13 -> 0.044551628 | BT26: =BT13/$BL13 -> 0.35841213 | BU26: =BU13/$CA13 -> 0.055595336 | BV26: =BV13/$BU13 -> 0.00023417376 | BW26: =BW13/$BU13 -> 0.0027710561 | BX26: =BX13/$BU13 -> 0.00085863711 | BY26: =BY13/$BU13 -> 0.80454297 | BZ26: =BZ13/$BU13 -> 0.19139802 | CA26: =SUM(B26,M26,P26,Z26,AD26,AH26,AR26,BB26,BL26,BU26) -> 1.0000108

Sheet Export Analytical pattern
A1: Time | B1: 0 Food and live animals ; | C1: 00 Live animals (excl. fish (not marine mammals) crustaceans, molluscs and aquatic invertebrates of SITC Division 03) ; | D1: 01 Meat and meat preparations ; | E1: 02 Dairy products and birds’ eggs ; | F1: 03 Fish (excl. marine mammals) crustaceans, molluscs and aquatic invertebrates, and preparations thereof (excl. extracts and juices of fish, crustaceans, molluscs or other aquatic invertebrates, prepared or preserved of SITC 01710) ; | G1: 04 Cereals and cereal preparations ; | H1: 05 Vegetables and fruit ; | I1: 06 Sugars, sugar preparations and honey ; | J1: 07 Coffee, tea, cocoa, spices, and manufactures thereof ; | K1: 08 Feeding stuff for animals (excl. unmilled cereals) ; | L1: 09 Miscellaneous edible products and preparations ; | M1: 1 Beverages and tobacco ; | N1: 11 Beverages ; | O1: 12 Tobacco and tobacco manufactures ; | P1: 2 Crude materials, inedible, except fuels ; | Q1: 21 Hides, skins and furskins, raw ; | R1: 22 Oil-seeds and oleaginous fruits ; | S1: 23 Crude rubber (incl. synthetic and reclaimed) ; | T1: 24 Cork and wood ; | U1: 25 Pulp and waste paper ; | V1: 26 Textile fibres (excl. wool tops and other combed wool) and their wastes, not manufactured into yarn or fabric ; | W1: 27 Crude fertilizers (excl. those of Division 56) and crude minerals (excl. coal, petroleum and precious stones) ; | X1: 28 Metalliferous ores and metal scrap ; | Y1: 29 Crude animal and vegetable materials, nes ; | Z1: 3 Mineral fuels, lubricants and related materials ; | AA1: 32 Coal, coke and briquettes ; | AB1: 33 Petroleum, petroleum products and related materials ; | AC1: 34 Gas, natural and manufactured ; | AD1: 4 Animal and vegetable oils, fats and waxes ; | AE1: 41 Animal oils and fats ; | AF1: 42 Fixed vegetable fats and oils, crude, refined or fractionated ; | AG1: 43 Animal or vegetable fats and oils, processed; waxes of animal or vegetable origin; inedible mixtures or preparations of animal or vegetable fats or oils, nes ; | AH1: 5 Chemicals and related products, nes ; | AI1: 51 Organic chemicals ; | AJ1: 52 Inorganic chemicals ; | AK1: 53 Dyeing, tanning and colouring materials ; | AL1: 54 Medicinal and pharmaceutical products ; | AM1: 55 Essential oils and resinoids and perfume materials; toilet, polishing and cleansing preparations ; | AN1: 56 Fertilisers (excl. those of group 272) ; | AO1: 57 Plastics in primary forms ; | AP1: 58 Plastics in non-primary forms ; | AQ1: 59 Chemical materials and products, nes ; | AR1: 6 Manufactured goods classified chiefly by material ; | AS1: 61 Leather, leather manufactures, nes, and dressed furskins ; | AT1: 62 Rubber manufactures, nes ; | AU1: 63 Cork and wood manufactures (excl. furniture) ; | AV1: 64 Paper, paperboard and articles of paper pulp, of paper or of paperboard ; | AW1: 65 Textile yarn, fabrics, made-up articles nes, and related products ; | AX1: 66 Non-metallic mineral manufactures, nes ; | AY1: 67 Iron and steel ; | AZ1: 68 Non-ferrous metals ; | BA1: 69 Manufactures of metals, nes ; | BB1: 7 Machinery and transport equipment ; | BC1: 71 Power generating machinery and equipment ; | BD1: 72 Machinery specialized for particular industries ; | BE1: 73 Metalworking machinery ; | BF1: 74 General industrial machinery and equipment, nes, and machine parts, nes ; | BG1: 75 Office machines and automatic data processing machines ; | BH1: 76 Telecommunications and sound recording and reproducing apparatus and equipment ; | BI1: 77 Electrical machinery, apparatus and appliances, nes, and electrical parts thereof (incl. non electrical counterparts, nes, of electrical household type equipment) ; | BJ1: 78 Road vehicles (incl. air-cushion vehicles) ; | BK1: 79 Transport equipment (excl. road vehicles) ; | BL1: 8 Miscellaneous manufactured articles ; | BM1: 81 Prefabricated buildings and sanitary, plumbing, heating and lighting fixtures and fittings, nes ; | BN1: 82 Furniture and parts thereof; bedding, mattresses, mattress supports, cushions and similar stuffed furnishings ; | BO1: 83 Travel goods, handbags and similar containers ; | BP1: 84 Articles of apparel and clothing accessories ; | BQ1: 85 Footwear ; | BR1: 87 Professional, scientific and controlling instruments and apparatus, nes ; | BS1: 88 Photographic apparatus, equipment and supplies and optical goods, nes; watches and clocks ; | BT1: 89 Miscellaneous manufactured articles, nes ; | BU1: 9 Commodities and transactions not classified elsewhere in the SITC ; | BV1: 93 Special transactions and commodities not classified according to kind ; | BW1: 95 Gold coin whether or not legal tender, and other coin being legal tender ; | BX1: 96 Coin (excl. gold coin) not being legal tender ; | BY1: 97 Gold, non-monetary (excl. gold ores and concentrates) ; | BZ1: 98 Combined confidential items excluding some of SITC 28099 (exports only) and some of SITC 51099 (imports only) ; | CA1: -1 TOTAL ;
A2: Y2017 | B2: ='Export-dataset'!B5/'Export-dataset'!B4 -> 1.121854 | C2: ='Export-dataset'!C5/'Export-dataset'!C4 -> 0.86339381 | D2: ='Export-dataset'!D5/'Export-dataset'!D4 -> 1.0672799 | E2: ='Export-dataset'!E5/'Export-dataset'!E4 -> 1.0620471 | F2: ='Export-dataset'!F5/'Export-dataset'!F4 -> 1.0326323 | G2: ='Export-dataset'!G5/'Export-dataset'!G4 -> 1.2316623 | H2: ='Export-dataset'!H5/'Export-dataset'!H4 -> 1.2277871 | I2: ='Export-dataset'!I5/'Export-dataset'!I4 -> 1.0344828 | ... CA2: ='Export-dataset'!CA5/'Export-dataset'!CA4 -> 1.1658419
A3: Y2018 | B3: ='Export-dataset'!B6/'Export-dataset'!B5 -> 0.96379386 | C3: ='Export-dataset'!C6/'Export-dataset'!C5 -> 1.1279357 | D3: ='Export-dataset'!D6/'Export-dataset'!D5 -> 1.1496535 | E3: ='Export-dataset'!E6/'Export-dataset'!E5 -> 1.0579957 | F3: ='Export-dataset'!F6/'Export-dataset'!F5 -> 1.0316011 | G3: ='Export-dataset'!G6/'Export-dataset'!G5 -> 0.78470437 | H3: ='Export-dataset'!H6/'Export-dataset'!H5 -> 0.69954893 | I3: ='Export-dataset'!I6/'Export-dataset'!I5 -> 0.90909091 | ... R3: ='Export-dataset'!R6/'Export-dataset'!R5 -> 0.73347324 | T3: ='Export-dataset'!T6/'Export-dataset'!T5 -> 1.123038 | U3: ='Export-dataset'!U6/'Export-dataset'!U5 -> 0.85920578 | V3: ='Export-dataset'!V6/'Export-dataset'!V5 -> 1.1062884 | W3: ='Export-dataset'!W6/'Export-dataset'!W5 -> 1.3396825 | X3: ='Export-dataset'!X6/'Export-dataset'!X5 -> 1.0754074 | Y3: ='Export-dataset'!Y6/'Export-dataset'!Y5 -> 1.1774194 | Z3: ='Export-dataset'!Z6/'Export-dataset'!Z5 -> 1.341419 | AA3: ='Export-dataset'!AA6/'Export-dataset'!AA5 -> 1.1700418 | ... CA3: ='Export-dataset'!CA6/'Export-dataset'!CA5 -> 1.1436313
A4: Y2019 | B4: ='Export-dataset'!B7/'Export-dataset'!B6 -> 1.0674208 | C4: ='Export-dataset'!C7/'Export-dataset'!C6 -> 1.1649315 | D4: ='Export-dataset'!D7/'Export-dataset'!D6 -> 1.2099963 | E4: ='Export-dataset'!E7/'Export-dataset'!E6 -> 1.0028214 | F4: ='Export-dataset'!F7/'Export-dataset'!F6 -> 1.0408441 | G4: ='Export-dataset'!G7/'Export-dataset'!G6 -> 0.8041223 | H4: ='Export-dataset'!H7/'Export-dataset'!H6 -> 1.1527895 | I4: ='Export-dataset'!I7/'Export-dataset'!I6 -> 0.89333333 | ... BW4: ='Export-dataset'!BW7/'Export-dataset'!BW6 -> 1.0577396 | BY4: ='Export-dataset'!BY7/'Export-dataset'!BY6 -> 1.2213629 | BZ4: ='Export-dataset'!BZ7/'Export-dataset'!BZ6 -> 1.115459 | CA4: ='Export-dataset'!CA7/'Export-dataset'!CA6 -> 1.1316426
A5: Y2020 | B5: ='Export-dataset'!B8/'Export-dataset'!B7 -> 0.94631996 | C5: ='Export-dataset'!C8/'Export-dataset'!C7 -> 0.91674506 | D5: ='Export-dataset'!D8/'Export-dataset'!D7 -> 0.89326935 | E5: ='Export-dataset'!E8/'Export-dataset'!E7 -> 1.022508 | F5: ='Export-dataset'!F8/'Export-dataset'!F7 -> 0.80379333 | G5: ='Export-dataset'!G8/'Export-dataset'!G7 -> 1.093193 | H5: ='Export-dataset'!H8/'Export-dataset'!H7 -> 1.0036479 | I5: ='Export-dataset'!I8/'Export-dataset'!I7 -> 1.0559701 | ... BW5: ='Export-dataset'!BW8/'Export-dataset'!BW7 -> 1.5133566 | BY5: ='Export-dataset'!BY8/'Export-dataset'!BY7 -> 1.0907068 | BZ5: ='Export-dataset'!BZ8/'Export-dataset'!BZ7 -> 1.2627217 | CA5: ='Export-dataset'!CA8/'Export-dataset'!CA7 -> 0.93011711
A6: Y2021 | B6: ='Export-dataset'!B9/'Export-dataset'!B8 -> 1.2220725 | C6: ='Export-dataset'!C9/'Export-dataset'!C8 -> 0.84453566 | D6: ='Export-dataset'!D9/'Export-dataset'!D8 -> 1.0065284 | E6: ='Export-dataset'!E9/'Export-dataset'!E8 -> 1.1584119 | F6: ='Export-dataset'!F9/'Export-dataset'!F8 -> 0.98209927 | G6: ='Export-dataset'!G9/'Export-dataset'!G8 -> 2.1902174 | H6: ='Export-dataset'!H9/'Export-dataset'!H8 -> 1.0932881 | I6: ='Export-dataset'!I9/'Export-dataset'!I8 -> 1.1236749 | ... CA6: ='Export-dataset'!CA9/'Export-dataset'!CA8 -> 1.2631173
A7: Y2022 | B7: ='Export-dataset'!B10/'Export-dataset'!B9 -> 1.2200735 | C7: ='Export-dataset'!C10/'Export-dataset'!C9 -> 0.92223572 | D7: ='Export-dataset'!D10/'Export-dataset'!D9 -> 1.1215458 | E7: ='Export-dataset'!E10/'Export-dataset'!E9 -> 1.1486257 | F7: ='Export-dataset'!F10/'Export-dataset'!F9 -> 0.998343 | G7: ='Export-dataset'!G10/'Export-dataset'!G9 -> 1.4655796 | H7: ='Export-dataset'!H10/'Export-dataset'!H9 -> 1.1141401 | I7: ='Export-dataset'!I10/'Export-dataset'!I9 -> 1.009434 | ... CA7: ='Export-dataset'!CA10/'Export-dataset'!CA9 -> 1.296173
A8: Y2023 | B8: ='Export-dataset'!B11/'Export-dataset'!B10 -> 1.0306276 | C8: ='Export-dataset'!C11/'Export-dataset'!C10 -> 0.81422925 | D8: ='Export-dataset'!D11/'Export-dataset'!D10 -> 1.0721687 | E8: ='Export-dataset'!E11/'Export-dataset'!E10 -> 0.88626292 | F8: ='Export-dataset'!F11/'Export-dataset'!F10 -> 1.1170124 | G8: ='Export-dataset'!G11/'Export-dataset'!G10 -> 0.99787152 | H8: ='Export-dataset'!H11/'Export-dataset'!H10 -> 1.1718719 | I8: ='Export-dataset'!I11/'Export-dataset'!I10 -> 0.92523364 | ... CA8: ='Export-dataset'!CA11/'Export-dataset'!CA10 -> 0.94065655
A9: Y2024 | B9: ='Export-dataset'!B12/'Export-dataset'!B11 -> 0.96005406 | C9: ='Export-dataset'!C12/'Export-dataset'!C11 -> 0.90372168 | D9: ='Export-dataset'!D12/'Export-dataset'!D11 -> 1.1977188 | E9: ='Export-dataset'!E12/'Export-dataset'!E11 -> 1.1416667 | F9: ='Export-dataset'!F12/'Export-dataset'!F11 -> 0.90564636 | G9: ='Export-dataset'!G12/'Export-dataset'!G11 -> 0.66642428 | H9: ='Export-dataset'!H12/'Export-dataset'!H11 -> 1.1996265 | I9: ='Export-dataset'!I12/'Export-dataset'!I11 -> 1.003367 | ... CA9: ='Export-dataset'!CA12/'Export-dataset'!CA11 -> 0.92545957
A10: Y2025 | B10: ='Export-dataset'!B13/'Export-dataset'!B12 -> 1.1803775 | C10: ='Export-dataset'!C13/'Export-dataset'!C12 -> 1.1629364 | D10: ='Export-dataset'!D13/'Export-dataset'!D12 -> 1.2767744 | E10: ='Export-dataset'!E13/'Export-dataset'!E12 -> 1.04 | F10: ='Export-dataset'!F13/'Export-dataset'!F12 -> 1.3027071 | G10: ='Export-dataset'!G13/'Export-dataset'!G12 -> 1.1761839 | H10: ='Export-dataset'!H13/'Export-dataset'!H12 -> 1.0304231 | I10: ='Export-dataset'!I13/'Export-dataset'!I12 -> 0.88255034 | ... CA10: ='Export-dataset'!CA13/'Export-dataset'!CA12 -> 1.0118282

Sheet Import analytical pattern
A1: Time | B1: 0 Food and live animals ; | C1: 00 Live animals (excl. fish (not marine mammals) crustaceans, molluscs and aquatic invertebrates of SITC Division 03) ; | D1: 01 Meat and meat preparations ; | E1: 02 Dairy products and birds’ eggs ; | F1: 03 Fish (excl. marine mammals) crustaceans, molluscs and aquatic invertebrates, and preparations thereof (excl. extracts and juices of fish, crustaceans, molluscs or other aquatic invertebrates, prepared or preserved of SITC 01710) ; | G1: 04 Cereals and cereal preparations ; | H1: 05 Vegetables and fruit ; | I1: 06 Sugars, sugar preparations and honey ; | J1: 07 Coffee, tea, cocoa, spices, and manufactures thereof ; | K1: 08 Feeding stuff for animals (excl. unmilled cereals) ; | L1: 09 Miscellaneous edible products and preparations ; | M1: 1 Beverages and tobacco ; | N1: 11 Beverages ; | O1: 12 Tobacco and tobacco manufactures ; | P1: 2 Crude materials, inedible, except fuels ; | Q1: 21 Hides, skins and furskins, raw ; | R1: 22 Oil-seeds and oleaginous fruits ; | S1: 23 Crude rubber (incl. synthetic and reclaimed) ; | T1: 24 Cork and wood ; | U1: 25 Pulp and waste paper ; | V1: 26 Textile fibres (excl. wool tops and other combed wool) and their wastes, not manufactured into yarn or fabric ; | W1: 27 Crude fertilizers (excl. those of Division 56) and crude minerals (excl. coal, petroleum and precious stones) ; | X1: 28 Metalliferous ores and metal scrap ; | Y1: 29 Crude animal and vegetable materials, nes ; | Z1: 3 Mineral fuels, lubricants and related materials ; | AA1: 32 Coal, coke and briquettes ; | AB1: 33 Petroleum, petroleum products and related materials ; | AC1: 34 Gas, natural and manufactured ; | AD1: 4 Animal and vegetable oils, fats and waxes ; | AE1: 41 Animal oils and fats ; | AF1: 42 Fixed vegetable fats and oils, crude, refined or fractionated ; | AG1: 43 Animal or vegetable fats and oils, processed; waxes of animal or vegetable origin; inedible mixtures or preparations of animal or vegetable fats or oils, nes ; | AH1: 5 Chemicals and related products, nes ; | AI1: 51 Organic chemicals ; | AJ1: 52 Inorganic chemicals ; | AK1: 53 Dyeing, tanning and colouring materials ; | AL1: 54 Medicinal and pharmaceutical products ; | AM1: 55 Essential oils and resinoids and perfume materials; toilet, polishing and cleansing preparations ; | AN1: 56 Fertilisers (excl. those of group 272) ; | AO1: 57 Plastics in primary forms ; | AP1: 58 Plastics in non-primary forms ; | AQ1: 59 Chemical materials and products, nes ; | AR1: 6 Manufactured goods classified chiefly by material ; | AS1: 61 Leather, leather manufactures, nes, and dressed furskins ; | AT1: 62 Rubber manufactures, nes ; | AU1: 63 Cork and wood manufactures (excl. furniture) ; | AV1: 64 Paper, paperboard and articles of paper pulp, of paper or of paperboard ; | AW1: 65 Textile yarn, fabrics, made-up articles nes, and related products ; | AX1: 66 Non-metallic mineral manufactures, nes ; | AY1: 67 Iron and steel ; | AZ1: 68 Non-ferrous metals ; | BA1: 69 Manufactures of metals, nes ; | BB1: 7 Machinery and transport equipment ; | BC1: 71 Power generating machinery and equipment ; | BD1: 72 Machinery specialized for particular industries ; | BE1: 73 Metalworking machinery ; | BF1: 74 General industrial machinery and equipment, nes, and machine parts, nes ; | BG1: 75 Office machines and automatic data processing machines ; | BH1: 76 Telecommunications and sound recording and reproducing apparatus and equipment ; | BI1: 77 Electrical machinery, apparatus and appliances, nes, and electrical parts thereof (incl. non electrical counterparts, nes, of electrical household type equipment) ; | BJ1: 78 Road vehicles (incl. air-cushion vehicles) ; | BK1: 79 Transport equipment (excl. road vehicles) ; | BL1: 8 Miscellaneous manufactured articles ; | BM1: 81 Prefabricated buildings and sanitary, plumbing, heating and lighting fixtures and fittings, nes ; | BN1: 82 Furniture and parts thereof; bedding, mattresses, mattress supports, cushions and similar stuffed furnishings ; | BO1: 83 Travel goods, handbags and similar containers ; | BP1: 84 Articles of apparel and clothing accessories ; | BQ1: 85 Footwear ; | BR1: 87 Professional, scientific and controlling instruments and apparatus, nes ; | BS1: 88 Photographic apparatus, equipment and supplies and optical goods, nes; watches and clocks ; | BT1: 89 Miscellaneous manufactured articles, nes ; | BU1: 9 Commodities and transactions not classified elsewhere in the SITC ; | BV1: 93 Special transactions and commodities not classified according to kind ; | BW1: 95 Gold coin whether or not legal tender, and other coin being legal tender ; | BX1: 96 Coin (excl. gold coin) not being legal tender ; | BY1: 97 Gold, non-monetary (excl. gold ores and concentrates) ; | BZ1: 98 Combined confidential items excluding some of SITC 28099 (exports only) and some of SITC 51099 (imports only) ; | CA1: -1 TOTAL ;
A2: Y2017 | B2: ='Import-dataset'!B5/'Import-dataset'!B4 -> 1.0233956 | C2: ='Import-dataset'!C5/'Import-dataset'!C4 -> 1.2809917 | D2: ='Import-dataset'!D5/'Import-dataset'!D4 -> 1.0679487 | E2: ='Import-dataset'!E5/'Import-dataset'!E4 -> 1.2288372 | F2: ='Import-dataset'!F5/'Import-dataset'!F4 -> 1.0529158 | G2: ='Import-dataset'!G5/'Import-dataset'!G4 -> 1.0347826 | H2: ='Import-dataset'!H5/'Import-dataset'!H4 -> 1.0319108 | I2: ='Import-dataset'!I5/'Import-dataset'!I4 -> 0.95238095 | ... CA2: ='Import-dataset'!CA5/'Import-dataset'!CA4 -> 1.1334644
A3: Y2018 | B3: ='Import-dataset'!B6/'Import-dataset'!B5 -> 1.0578859 | C3: ='Import-dataset'!C6/'Import-dataset'!C5 -> 1.083871 | D3: ='Import-dataset'!D6/'Import-dataset'!D5 -> 0.98679472 | E3: ='Import-dataset'!E6/'Import-dataset'!E5 -> 1.0749432 | F3: ='Import-dataset'!F6/'Import-dataset'!F5 -> 1.0323077 | G3: ='Import-dataset'!G6/'Import-dataset'!G5 -> 1.1298701 | H3: ='Import-dataset'!H6/'Import-dataset'!H5 -> 0.98621461 | I3: ='Import-dataset'!I6/'Import-dataset'!I5 -> 1.05 | ... CA3: ='Import-dataset'!CA6/'Import-dataset'!CA5 -> 1.0546635
A4: Y2019 | B4: ='Import-dataset'!B7/'Import-dataset'!B6 -> 1.1193497 | C4: ='Import-dataset'!C7/'Import-dataset'!C6 -> 0.86309524 | D4: ='Import-dataset'!D7/'Import-dataset'!D6 -> 1.2518248 | E4: ='Import-dataset'!E7/'Import-dataset'!E6 -> 1.0401408 | F4: ='Import-dataset'!F7/'Import-dataset'!F6 -> 1.0104322 | G4: ='Import-dataset'!G7/'Import-dataset'!G6 -> 1.2954699 | H4: ='Import-dataset'!H7/'Import-dataset'!H6 -> 1.060068 | I4: ='Import-dataset'!I7/'Import-dataset'!I6 -> 1.0041408 | ... CA4: ='Import-dataset'!CA7/'Import-dataset'!CA6 -> 1.011508
A5: Y2020 | B5: ='Import-dataset'!B8/'Import-dataset'!B7 -> 1.039497 | C5: ='Import-dataset'!C8/'Import-dataset'!C7 -> 1.0827586 | D5: ='Import-dataset'!D8/'Import-dataset'!D7 -> 0.87949466 | E5: ='Import-dataset'!E8/'Import-dataset'!E7 -> 1.0758294 | F5: ='Import-dataset'!F8/'Import-dataset'!F7 -> 0.9252704 | G5: ='Import-dataset'!G8/'Import-dataset'!G7 -> 1.0897704 | H5: ='Import-dataset'!H8/'Import-dataset'!H7 -> 1.1072701 | I5: ='Import-dataset'!I8/'Import-dataset'!I7 -> 1.0082474 | ... CA5: ='Import-dataset'!CA8/'Import-dataset'!CA7 -> 0.95465438
A6: Y2021 | B6: ='Import-dataset'!B9/'Import-dataset'!B8 -> 0.93201568 | C6: ='Import-dataset'!C9/'Import-dataset'!C8 -> 0.99363057 | D6: ='Import-dataset'!D9/'Import-dataset'!D8 -> 1.0674033 | E6: ='Import-dataset'!E9/'Import-dataset'!E8 -> 0.90497168 | F6: ='Import-dataset'!F9/'Import-dataset'!F8 -> 0.9957492 | G6: ='Import-dataset'!G9/'Import-dataset'!G8 -> 0.82710728 | H6: ='Import-dataset'!H9/'Import-dataset'!H8 -> 0.91309945 | I6: ='Import-dataset'!I9/'Import-dataset'!I8 -> 1.00409 | ... CA6: ='Import-dataset'!CA9/'Import-dataset'!CA8 -> 1.1247637
A7: Y2022 | B7: ='Import-dataset'!B10/'Import-dataset'!B9 -> 1.1893967 | C7: ='Import-dataset'!C10/'Import-dataset'!C9 -> 1.0705128 | D7: ='Import-dataset'!D10/'Import-dataset'!D9 -> 1.1076605 | E7: ='Import-dataset'!E10/'Import-dataset'!E9 -> 1.2579972 | F7: ='Import-dataset'!F10/'Import-dataset'!F9 -> 1.3068303 | G7: ='Import-dataset'!G10/'Import-dataset'!G9 -> 1.164447 | H7: ='Import-dataset'!H10/'Import-dataset'!H9 -> 1.1149101 | I7: ='Import-dataset'!I10/'Import-dataset'!I9 -> 1.1507128 | ... CA7: ='Import-dataset'!CA10/'Import-dataset'!CA9 -> 1.262747
A8: Y2023 | B8: ='Import-dataset'!B11/'Import-dataset'!B10 -> 1.008505 | C8: ='Import-dataset'!C11/'Import-dataset'!C10 -> 1.2694611 | D8: ='Import-dataset'!D11/'Import-dataset'!D10 -> 0.96728972 | E8: ='Import-dataset'!E11/'Import-dataset'!E10 -> 1.1243781 | F8: ='Import-dataset'!F11/'Import-dataset'!F10 -> 0.91057575 | G8: ='Import-dataset'!G11/'Import-dataset'!G10 -> 1.0621581 | H8: ='Import-dataset'!H11/'Import-dataset'!H10 -> 1.0641796 | I8: ='Import-dataset'!I11/'Import-dataset'!I10 -> 1.0814159 | ... CA8: ='Import-dataset'!CA11/'Import-dataset'!CA10 -> 0.99248685
A9: Y2024 | B9: ='Import-dataset'!B12/'Import-dataset'!B11 -> 1.1325442 | C9: ='Import-dataset'!C12/'Import-dataset'!C11 -> 0.94811321 | D9: ='Import-dataset'!D12/'Import-dataset'!D11 -> 1.2086957 | E9: ='Import-dataset'!E12/'Import-dataset'!E11 -> 0.95132743 | F9: ='Import-dataset'!F12/'Import-dataset'!F11 -> 1.0784753 | G9: ='Import-dataset'!G12/'Import-dataset'!G11 -> 1.1825843 | H9: ='Import-dataset'!H12/'Import-dataset'!H11 -> 1.1625074 | I9: ='Import-dataset'!I12/'Import-dataset'!I11 -> 1.1260229 | ... CA9: ='Import-dataset'!CA12/'Import-dataset'!CA11 -> 1.0386692
A10: Y2025 | B10: ='Import-dataset'!B13/'Import-dataset'!B12 -> 1.0996725 | C10: ='Import-dataset'!C13/'Import-dataset'!C12 -> 0.94527363 | D10: ='Import-dataset'!D13/'Import-dataset'!D12 -> 1.0007994 | E10: ='Import-dataset'!E13/'Import-dataset'!E12 -> 1.1860465 | F10: ='Import-dataset'!F13/'Import-dataset'!F12 -> 1.0594595 | G10: ='Import-dataset'!G13/'Import-dataset'!G12 -> 1.0364212 | H10: ='Import-dataset'!H13/'Import-dataset'!H12 -> 1.0575006 | I10: ='Import-dataset'!I13/'Import-dataset'!I12 -> 1.0392442 | ... CA10: ='Import-dataset'!CA13/'Import-dataset'!CA12 -> 1.072098

Sheet Dollar-combined
A1: Time | B1: Trade | C1: 0 Food and live animals ; | D1: 00 Live animals (excl. fish (not marine mammals) crustaceans, molluscs and aquatic invertebrates of SITC Division 03) ; | E1: 01 Meat and meat preparations ; | F1: 02 Dairy products and birds’ eggs ; | G1: 03 Fish (excl. marine mammals) crustaceans, molluscs and aquatic invertebrates, and preparations thereof (excl. extracts and juices of fish, crustaceans, molluscs or other aquatic invertebrates, prepared or preserved of SITC 01710) ; | H1: 04 Cereals and cereal preparations ; | I1: 05 Vegetables and fruit ; | J1: 06 Sugars, sugar preparations and honey ; | K1: 07 Coffee, tea, cocoa, spices, and manufactures thereof ; | L1: 08 Feeding stuff for animals (excl. unmilled cereals) ; | M1: 09 Miscellaneous edible products and preparations ; | N1: 1 Beverages and tobacco ; | O1: 11 Beverages ; | P1: 12 Tobacco and tobacco manufactures ; | Q1: 2 Crude materials, inedible, except fuels ; | R1: 21 Hides, skins and furskins, raw ; | S1: 22 Oil-seeds and oleaginous fruits ; | T1: 23 Crude rubber (incl. synthetic and reclaimed) ; | U1: 24 Cork and wood ; | V1: 25 Pulp and waste paper ; | W1: 26 Textile fibres (excl. wool tops and other combed wool) and their wastes, not manufactured into yarn or fabric ; | X1: 27 Crude fertilizers (excl. those of Division 56) and crude minerals (excl. coal, petroleum and precious stones) ; | Y1: 28 Metalliferous ores and metal scrap ; | Z1: 29 Crude animal and vegetable materials, nes ; | AA1: 3 Mineral fuels, lubricants and related materials ; | AB1: 32 Coal, coke and briquettes ; | AC1: 33 Petroleum, petroleum products and related materials ; | AD1: 34 Gas, natural and manufactured ; | AE1: 4 Animal and vegetable oils, fats and waxes ; | AF1: 41 Animal oils and fats ; | AG1: 42 Fixed vegetable fats and oils, crude, refined or fractionated ; | AH1: 43 Animal or vegetable fats and oils, processed; waxes of animal or vegetable origin; inedible mixtures or preparations of animal or vegetable fats or oils, nes ; | AI1: 5 Chemicals and related products, nes ; | AJ1: 51 Organic chemicals ; | AK1: 52 Inorganic chemicals ; | AL1: 53 Dyeing, tanning and colouring materials ; | AM1: 54 Medicinal and pharmaceutical products ; | AN1: 55 Essential oils and resinoids and perfume materials; toilet, polishing and cleansing preparations ; | AO1: 56 Fertilisers (excl. those of group 272) ; | AP1: 57 Plastics in primary forms ; | AQ1: 58 Plastics in non-primary forms ; | AR1: 59 Chemical materials and products, nes ; | AS1: 6 Manufactured goods classified chiefly by material ; | AT1: 61 Leather, leather manufactures, nes, and dressed furskins ; | AU1: 62 Rubber manufactures, nes ; | AV1: 63 Cork and wood manufactures (excl. furniture) ; | AW1: 64 Paper, paperboard and articles of paper pulp, of paper or of paperboard ; | AX1: 65 Textile yarn, fabrics, made-up articles nes, and related products ; | AY1: 66 Non-metallic mineral manufactures, nes ; | AZ1: 67 Iron and steel ; | BA1: 68 Non-ferrous metals ; | BB1: 69 Manufactures of metals, nes ; | BC1: 7 Machinery and transport equipment ; | BD1: 71 Power generating machinery and equipment ; | BE1: 72 Machinery specialized for particular industries ; | BF1: 73 Metalworking machinery ; | BG1: 74 General industrial machinery and equipment, nes, and machine parts, nes ; | BH1: 75 Office machines and automatic data processing machines ; | BI1: 76 Telecommunications and sound recording and reproducing apparatus and equipment ; | BJ1: 77 Electrical machinery, apparatus and appliances, nes, and electrical parts thereof (incl. non electrical counterparts, nes, of electrical household type equipment) ; | BK1: 78 Road vehicles (incl. air-cushion vehicles) ; | BL1: 79 Transport equipment (excl. road vehicles) ; | BM1: 8 Miscellaneous manufactured articles ; | BN1: 81 Prefabricated buildings and sanitary, plumbing, heating and lighting fixtures and fittings, nes ; | BO1: 82 Furniture and parts thereof; bedding, mattresses, mattress supports, cushions and similar stuffed furnishings ; | BP1: 83 Travel goods, handbags and similar containers ; | BQ1: 84 Articles of apparel and clothing accessories ; | BR1: 85 Footwear ; | BS1: 87 Professional, scientific and controlling instruments and apparatus, nes ; | BT1: 88 Photographic apparatus, equipment and supplies and optical goods, nes; watches and clocks ; | BU1: 89 Miscellaneous manufactured articles, nes ; | BV1: 9 Commodities and transactions not classified elsewhere in the SITC ; | BW1: 93 Special transactions and commodities not classified according to kind ; | BX1: 95 Gold coin whether or not legal tender, and other coin being legal tender ; | BY1: 96 Coin (excl. gold coin) not being legal tender ; | BZ1: 97 Gold, non-monetary (excl. gold ores and concentrates) ; | CA1: 98 Combined confidential items excluding some of SITC 28099 (exports only) and some of SITC 51099 (imports only) ; | CB1: -1 TOTAL ;
A2: Y2016 | B2: Export | C2: 32621 | D2: 1874 | E2: 11088 | F2: 2208 | G2: 1379 | H2: 7580 | I2: 4153 | J2: 319 | K2: 363 | L2: 1174 | M2: 2478 | N2: 2679 | O2: 2610 | P2: 68 | Q2: 83621 | R2: 827 | S2: 1415 | T2: 7 | U2: 1769 | V2: 242 | W2: 4722 | X2: 665 | Y2: 73494 | Z2: 476 | AA2: 67702 | AB2: 42273 | AC2: 6946 | AD2: 18480 | AE2: 675 | AF2: 422 | AG2: 217 | AH2: 37 | AI2: 8367 | AJ2: 227 | AK2: 657 | AL2: 847 | AM2: 3486 | AN2: 985 | AO2: 369 | AP2: 315 | AQ2: 418 | AR2: 1065 | AS2: 13406 | AT2: 184 | AU2: 246 | AV2: 111 | AW2: 984 | AX2: 268 | AY2: 1060 | AZ2: 602 | BA2: 8842 | BB2: 1107 | BC2: 15387 | BD2: 872 | BE2: 1872 | BF2: 161 | BG2: 2269 | BH2: 1542 | BI2: 1752 | BJ2: 1691 | BK2: 2940 | BL2: 2290 | BM2: 6558 | BN2: 136 | BO2: 133 | BP2: 64 | BQ2: 328 | BR2: 92 | BS2: 2532 | BT2: 409 | BU2: 2862 | BV2: 27452 | BW2: 1563 | BX2: 989 | BY2: 1 | BZ2: 18857 | CA2: 6043 | CB2: 258469
A3: Y2017 | B3: Export | C3: 36596 | D3: 1618 | E3: 11834 | F3: 2345 | G3: 1424 | H3: 9336 | I3: 5099 | J3: 330 | K3: 369 | L3: 1230 | M3: 3011 | N3: 3031 | O3: 2962 | P3: 67 | Q3: 99473 | R3: 808 | S3: 1906 | T3: 0 | U3: 1975 | V3: 277 | W3: 5852 | X3: 1575 | Y3: 86583 | Z3: 496 | AA3: 91149 | AB3: 57133 | AC3: 7662 | AD3: 26355 | AE3: 680 | AF3: 390 | AG3: 241 | AH3: 49 | AI3: 8643 | AJ3: 199 | AK3: 702 | AL3: 959 | AM3: 3478 | AN3: 1180 | AO3: 265 | AP3: 339 | AQ3: 443 | AR3: 1072 | AS3: 14749 | AT3: 166 | AU3: 294 | AV3: 115 | AW3: 1013 | AX3: 274 | AY3: 902 | AZ3: 917 | BA3: 9957 | BB3: 1114 | BC3: 14638 | BD3: 742 | BE3: 1886 | BF3: 188 | BG3: 2191 | BH3: 1226 | BI3: 2012 | BJ3: 1847 | BK3: 2264 | BL3: 2283 | BM3: 6857 | BN3: 144 | BO3: 141 | BP3: 70 | BQ3: 328 | BR3: 115 | BS3: 2619 | BT3: 427 | BU3: 3017 | BV3: 25523 | BW3: 1474 | BX3: 677 | BY3: 1 | BZ3: 17620 | CA3: 5749 | CB3: 301334
A4: Y2018 | B4: Export | C4: 35271 | D4: 1825 | E4: 13605 | F4: 2481 | G4: 1469 | H4: 7326 | I4: 3567 | J4: 300 | K4: 393 | L4: 1359 | M4: 2946 | N4: 3377 | O4: 3318 | P4: 59 | Q4: 106879 | R4: 731 | S4: 1398 | T4: 15 | U4: 2218 | V4: 238 | W4: 6474 | X4: 2110 | Y4: 93112 | Z4: 584 | AA4: 122269 | AB4: 66848 | AC4: 11191 | AD4: 44229 | AE4: 663 | AF4: 368 | AG4: 240 | AH4: 55 | AI4: 10510 | AJ4: 201 | AK4: 937 | AL4: 1029 | AM4: 4750 | AN4: 1346 | AO4: 320 | AP4: 298 | AQ4: 443 | AR4: 1185 | AS4: 17031 | AT4: 166 | AU4: 307 | AV4: 97 | AW4: 1145 | AX4: 273 | AY4: 927 | AZ4: 1029 | BA4: 11823 | BB4: 1265 | BC4: 15352 | BD4: 939 | BE4: 1833 | BF4: 275 | BG4: 2296 | BH4: 1284 | BI4: 2008 | BJ4: 2078 | BK4: 1693 | BL4: 2945 | BM4: 7288 | BN4: 162 | BO4: 152 | BP4: 80 | BQ4: 336 | BR4: 124 | BS4: 2765 | BT4: 440 | BU4: 3231 | BV4: 25975 | BW4: 1371 | BX4: 814 | BY4: 0 | BZ4: 19136 | CA4: 4651 | CB4: 344615
A5: Y2019 | B5: Export | C5: 37649 | D5: 2126 | E5: 16462 | F5: 2488 | G5: 1529 | H5: 5891 | I5: 4112 | J5: 268 | K5: 425 | L5: 1374 | M5: 2977 | N5: 3582 | O5: 3523 | P5: 59 | Q5: 136415 | R5: 579 | S5: 1051 | T5: 20 | U5: 2225 | V5: 183 | W5: 4844 | X5: 1717 | Y5: 125211 | Z5: 584 | AA5: 126288 | AB5: 63941 | AC5: 12224 | AD5: 50124 | AE5: 647 | AF5: 359 | AG5: 243 | AH5: 47 | AI5: 11971 | AJ5: 212 | AK5: 754 | AL5: 1008 | AM5: 6249 | AN5: 1532 | AO5: 262 | AP5: 328 | AQ5: 397 | AR5: 1225 | AS5: 17567 | AT5: 141 | AU5: 325 | AV5: 108 | AW5: 1094 | AX5: 305 | AY5: 1005 | AZ5: 1217 | BA5: 11999 | BB5: 1372 | BC5: 16992 | BD5: 1064 | BE5: 1961 | BF5: 192 | BG5: 2456 | BH5: 1410 | BI5: 2657 | BJ5: 2131 | BK5: 1919 | BL5: 3208 | BM5: 8208 | BN5: 157 | BO5: 182 | BP5: 94 | BQ5: 377 | BR5: 122 | BS5: 3906 | BT5: 466 | BU5: 2901 | BV5: 30661 | BW5: 1239 | BX5: 861 | BY5: 0 | BZ5: 23372 | CA5: 5188 | CB5: 389981
A6: Y2020 | B6: Export | C6: 35628 | D6: 1949 | E6: 14705 | F6: 2544 | G6: 1229 | H6: 6440 | I6: 4127 | J6: 283 | K6: 447 | L6: 1310 | M6: 2591 | N6: 3283 | O6: 3246 | P6: 37 | Q6: 151968 | R6: 414 | S6: 1183 | T6: 10 | U6: 1669 | V6: 172 | W6: 2739 | X6: 1163 | Y6: 144068 | Z6: 551 | AA6: 88821 | AB6: 43367 | AC6: 7755 | AD6: 37699 | AE6: 761 | AF6: 444 | AG6: 282 | AH6: 33 | AI6: 11092 | AJ6: 227 | AK6: 641 | AL6: 894 | AM6: 5547 | AN6: 1590 | AO6: 330 | AP6: 232 | AQ6: 311 | AR6: 1325 | AS6: 14708 | AT6: 112 | AU6: 260 | AV6: 103 | AW6: 934 | AX6: 276 | AY6: 736 | AZ6: 920 | BA6: 10215 | BB6: 1154 | BC6: 14678 | BD6: 1068 | BE6: 1769 | BF6: 138 | BG6: 2164 | BH6: 1300 | BI6: 2251 | BJ6: 2006 | BK6: 1598 | BL6: 2387 | BM6: 7376 | BN6: 161 | BO6: 136 | BP6: 112 | BQ6: 387 | BR6: 129 | BS6: 3526 | BT6: 432 | BU6: 2494 | BV6: 34408 | BW6: 1063 | BX6: 1303 | BY6: 2 | BZ6: 25492 | CA6: 6551 | CB6: 362728
A7: Y2021 | B7: Export | C7: 43540 | D7: 1646 | E7: 14801 | F7: 2947 | G7: 1207 | H7: 14105 | I7: 4512 | J7: 318 | K7: 476 | L7: 1424 | M7: 2105 | N7: 2523 | O7: 2503 | P7: 21 | Q7: 198179 | R7: 504 | S7: 3166 | T7: 11 | U7: 1338 | V7: 266 | W7: 5081 | X7: 1948 | Y7: 185259 | Z7: 613 | AA7: 126395 | AB7: 63504 | AC7: 11715 | AD7: 51179 | AE7: 1085 | AF7: 669 | AG7: 360 | AH7: 54 | AI7: 10052 | AJ7: 239 | AK7: 808 | AL7: 1036 | AM7: 3630 | AN7: 1663 | AO7: 490 | AP7: 368 | AQ7: 345 | AR7: 1474 | AS7: 16703 | AT7: 160 | AU7: 257 | AV7: 96 | AW7: 948 | AX7: 333 | AY7: 570 | AZ7: 793 | BA7: 12328 | BB7: 1220 | BC7: 14728 | BD7: 872 | BE7: 1678 | BF7: 175 | BG7: 2230 | BH7: 1376 | BI7: 2331 | BJ7: 2227 | BK7: 1853 | BL7: 1988 | BM7: 8036 | BN7: 203 | BO7: 145 | BP7: 116 | BQ7: 480 | BR7: 119 | BS7: 3875 | BT7: 453 | BU7: 2646 | BV7: 36933 | BW7: 1789 | BX7: 2576 | BY7: 2 | BZ7: 23281 | CA7: 9283 | CB7: 458168
A8: Y2022 | B8: Export | C8: 53122 | D8: 1518 | E8: 16600 | F8: 3385 | G8: 1205 | H8: 20672 | I8: 5027 | J8: 321 | K8: 517 | L8: 1719 | M8: 2160 | N8: 2572 | O8: 2553 | P8: 19 | Q8: 188296 | R8: 454 | S8: 7762 | T8: 9 | U8: 1523 | V8: 307 | W8: 7710 | X8: 12384 | Y8: 157451 | Z8: 692 | AA8: 251334 | AB8: 142345 | AC8: 17341 | AD8: 91648 | AE8: 1682 | AF8: 1080 | AG8: 538 | AH8: 64 | AI8: 12575 | AJ8: 245 | AK8: 1675 | AL8: 1068 | AM8: 4328 | AN8: 1768 | AO8: 731 | AP8: 303 | AQ8: 451 | AR8: 2007 | AS8: 19431 | AT8: 148 | AU8: 363 | AV8: 96 | AW8: 1014 | AX8: 356 | AY8: 604 | AZ8: 1340 | BA8: 14078 | BB8: 1430 | BC8: 16516 | BD8: 1027 | BE8: 1911 | BF8: 260 | BG8: 2489 | BH8: 1545 | BI8: 2337 | BJ8: 2692 | BK8: 2013 | BL8: 2245 | BM8: 9077 | BN8: 175 | BO8: 166 | BP8: 201 | BQ8: 649 | BR8: 141 | BS8: 4409 | BT8: 506 | BU8: 2834 | BV8: 39255 | BW8: 764 | BX8: 3046 | BY8: 9 | BZ8: 23514 | CA8: 11921 | CB8: 593865
A9: Y2023 | B9: Export | C9: 54749 | D9: 1236 | E9: 17798 | F9: 3000 | G9: 1346 | H9: 20628 | I9: 5891 | J9: 297 | K9: 509 | L9: 1737 | M9: 2314 | N9: 2548 | O9: 2524 | P9: 24 | Q9: 202961 | R9: 451 | S9: 5508 | T9: 14 | U9: 1435 | V9: 203 | W9: 7407 | X9: 19055 | Y9: 168243 | Z9: 650 | AA9: 195549 | AB9: 103331 | AC9: 15760 | AD9: 76456 | AE9: 1609 | AF9: 1053 | AG9: 420 | AH9: 136 | AI9: 11484 | AJ9: 221 | AK9: 1264 | AL9: 920 | AM9: 4754 | AN9: 1686 | AO9: 338 | AP9: 277 | AQ9: 385 | AR9: 1643 | AS9: 19357 | AT9: 109 | AU9: 397 | AV9: 98 | AW9: 888 | AX9: 364 | AY9: 854 | AZ9: 1256 | BA9: 13950 | BB9: 1442 | BC9: 18604 | BD9: 1303 | BE9: 2113 | BF9: 272 | BG9: 3044 | BH9: 1489 | BI9: 2677 | BJ9: 2954 | BK9: 2180 | BL9: 2574 | BM9: 10517 | BN9: 170 | BO9: 188 | BP9: 188 | BQ9: 706 | BR9: 181 | BS9: 4871 | BT9: 576 | BU9: 3636 | BV9: 41247 | BW9: 612 | BX9: 2011 | BY9: 11 | BZ9: 28352 | CA9: 10257 | CB9: 558623
A10: Y2024 | B10: Export | C10: 52562 | D10: 1117 | E10: 21317 | F10: 3425 | G10: 1219 | H10: 13747 | I10: 7067 | J10: 298 | K10: 549 | L10: 1573 | M10: 2253 | N10: 3179 | O10: 3159 | P10: 20 | Q10: 179588 | R10: 532 | S10: 5005 | T10: 20 | U10: 1424 | V10: 242 | W10: 6498 | X10: 5137 | Y10: 160100 | Z10: 635 | AA10: 170842 | AB10: 85445 | AC10: 15713 | AD10: 69682 | AE10: 1397 | AF10: 865 | AG10: 416 | AH10: 118 | AI10: 12272 | AJ10: 215 | AK10: 946 | AL10: 1162 | AM10: 5387 | AN10: 1705 | AO10: 437 | AP10: 294 | AQ10: 412 | AR10: 1718 | AS10: 20515 | AT10: 112 | AU10: 331 | AV10: 97 | AW10: 891 | AX10: 392 | AY10: 590 | AZ10: 1332 | BA10: 15294 | BB10: 1476 | BC10: 20484 | BD10: 1377 | BE10: 2346 | BF10: 286 | BG10: 3125 | BH10: 1580 | BI10: 2923 | BJ10: 3219 | BK10: 2259 | BL10: 3377 | BM10: 10974 | BN10: 191 | BO10: 169 | BP10: 178 | BQ10: 773 | BR10: 191 | BS10: 4081 | BT10: 611 | BU10: 4777 | BV10: 45169 | BW10: 565 | BX10: 1340 | BY10: 23 | BZ10: 35703 | CA10: 7536 | CB10: 516983
A11: Y2025 | B11: Export | C11: 62043 | D11: 1299 | E11: 27217 | F11: 3562 | G11: 1588 | H11: 16169 | I11: 7282 | J11: 263 | K11: 632 | L11: 1582 | M11: 2448 | N11: 3066 | O11: 3009 | P11: 58 | Q11: 180651 | R11: 546 | S11: 4616 | T11: 30 | U11: 1521 | V11: 274 | W11: 6053 | X11: 4863 | Y11: 162034 | Z11: 711 | AA11: 140181 | AB11: 64478 | AC11: 14187 | AD11: 61513 | AE11: 1806 | AF11: 823 | AG11: 529 | AH11: 455 | AI11: 12141 | AJ11: 251 | AK11: 1050 | AL11: 1053 | AM11: 5138 | AN11: 1615 | AO11: 666 | AP11: 281 | AQ11: 423 | AR11: 1661 | AS11: 22719 | AT11: 108 | AU11: 345 | AV11: 77 | AW11: 871 | AX11: 375 | AY11: 480 | AZ11: 1054 | BA11: 17943 | BB11: 1465 | BC11: 22210 | BD11: 1598 | BE11: 2416 | BF11: 248 | BG11: 3253 | BH11: 1888 | BI11: 3236 | BJ11: 3266 | BK11: 2624 | BL11: 3685 | BM11: 11863 | BN11: 190 | BO11: 173 | BP11: 183 | BQ11: 774 | BR11: 187 | BS11: 4293 | BT11: 659 | BU11: 5399 | BV11: 66414 | BW11: 439 | BX11: 1873 | BY11: 17 | BZ11: 59557 | CA11: 4530 | CB11: 523098
A12: Y2016 | B12: Import | C12: 13977 | D12: 121 | E12: 780 | F12: 1075 | G12: 1852 | H12: 1265 | I12: 2601 | J12: 483 | K12: 1975 | L12: 919 | M12: 2908 | N12: 3271 | O12: 2241 | P12: 1027 | Q12: 3206 | R12: 5 | S12: 88 | T12: 102 | U12: 816 | V12: 212 | W12: 99 | X12: 311 | Y12: 1017 | Z12: 551 | AA12: 23604 | AB12: 51 | AC12: 23315 | AD12: 238 | AE12: 700 | AF12: 61 | AG12: 596 | AH12: 44 | AI12: 27705 | AJ12: 2410 | AK12: 1567 | AL12: 997 | AM12: 11226 | AN12: 2938 | AO12: 1682 | AP12: 1958 | AQ12: 1947 | AR12: 2978 | AS12: 28223 | AT12: 164 | AU12: 3399 | AV12: 1305 | AW12: 2999 | AX12: 3577 | AY12: 3847 | AZ12: 2532 | BA12: 2691 | BB12: 7710 | BC12: 103332 | BD12: 4429 | BE12: 7665 | BF12: 595 | BG12: 14478 | BH12: 9773 | BI12: 14598 | BJ12: 13089 | BK12: 34412 | BL12: 4295 | BM12: 40365 | BN12: 1661 | BO12: 4276 | BP12: 1462 | BQ12: 8611 | BR12: 2202 | BS12: 6756 | BT12: 1853 | BU12: 13547 | BV12: 9962 | BW12: 4 | BX12: 41 | BY12: 7 | BZ12: 7468 | CA12: 2440 | CB12: 254345
A13: Y2017 | B13: Import | C13: 14304 | D13: 155 | E13: 833 | F13: 1321 | G13: 1950 | H13: 1309 | I13: 2684 | J13: 460 | K13: 2057 | L13: 939 | M13: 2593 | N13: 3285 | O13: 2280 | P13: 1006 | Q13: 3544 | R13: 3 | S13: 111 | T13: 165 | U13: 836 | V13: 232 | W13: 91 | X13: 286 | Y13: 1221 | Z13: 597 | AA13: 29805 | AB13: 139 | AC13: 29365 | AD13: 303 | AE13: 702 | AF13: 56 | AG13: 591 | AH13: 53 | AI13: 28054 | AJ13: 2363 | AK13: 1578 | AL13: 1019 | AM13: 11138 | AN13: 3084 | AO13: 1640 | AP13: 2109 | AQ13: 1994 | AR13: 3131 | AS13: 28701 | AT13: 160 | AU13: 3580 | AV13: 1408 | AW13: 2935 | AX13: 3604 | AY13: 3794 | AZ13: 3059 | BA13: 2479 | BB13: 7685 | BC13: 117933 | BD13: 4763 | BE13: 8870 | BF13: 639 | BG13: 13380 | BH13: 10489 | BI13: 15584 | BJ13: 14637 | BK13: 37308 | BL13: 12266 | BM13: 40571 | BN13: 1629 | BO13: 4256 | BP13: 1537 | BQ13: 8736 | BR13: 2177 | BS13: 6544 | BT13: 1821 | BU13: 13867 | BV13: 21397 | BW13: 12 | BX13: 21 | BY13: 3 | BZ13: 6220 | CA13: 15140 | CB13: 288291
... A21: Y2025 | B21: Import | C21: 24515 | D21: 190 | E21: 1252 | F21: 2295 | G21: 2548 | H21: 2618 | I21: 4138 | J21: 715 | K21: 4510 | L21: 1518 | M21: 4731 | N21: 3378 | O21: 2913 | P21: 463 | Q21: 5285 | R21: 7 | S21: 145 | T21: 142 | U21: 953 | V21: 270 | W21: 127 | X21: 481 | Y21: 2129 | Z21: 1030 | AA21: 53258 | AB21: 197 | AC21: 52742 | AD21: 317 | AE21: 1282 | AF21: 135 | AG21: 1052 | AH21: 94 | AI21: 47675 | AJ21: 2807 | AK21: 2888 | AL21: 1234 | AM21: 18490 | AN21: 5842 | AO21: 5109 | AP21: 2795 | AQ21: 3004 | AR21: 5504 | AS21: 45872 | AT21: 150 | AU21: 5746 | AV21: 1879 | AW21: 4117 | AX21: 4729 | AY21: 4671 | AZ21: 5364 | BA21: 5583 | BB21: 13641 | BC21: 190956 | BD21: 8883 | BE21: 14643 | BF21: 1058 | BG21: 23637 | BH21: 19183 | BI21: 21727 | BJ21: 32803 | BK21: 59473 | BL21: 9546 | BM21: 63028 | BN21: 2011 | BO21: 6346 | BP21: 2225 | BQ21: 13100 | BR21: 3120 | BS21: 10829 | BT21: 2808 | BU21: 22590 | BV21: 25622 | BW21: 6 | BX21: 71 | BY21: 22 | BZ21: 20614 | CA21: 4904 | CB21: 460866

Sheet Statistical-Combined
A1: Time | B1: Trade | C1: 0 Food and live animals ; | D1: 00 Live animals (excl. fish (not marine mammals) crustaceans, molluscs and aquatic invertebrates of SITC Division 03) ; | E1: 01 Meat and meat preparations ; | F1: 02 Dairy products and birds’ eggs ; | G1: 03 Fish (excl. marine mammals) crustaceans, molluscs and aquatic invertebrates, and preparations thereof (excl. extracts and juices of fish, crustaceans, molluscs or other aquatic invertebrates, prepared or preserved of SITC 01710) ; | H1: 04 Cereals and cereal preparations ; | I1: 05 Vegetables and fruit ; | J1: 06 Sugars, sugar preparations and honey ; | K1: 07 Coffee, tea, cocoa, spices, and manufactures thereof ; | L1: 08 Feeding stuff for animals (excl. unmilled cereals) ; | M1: 09 Miscellaneous edible products and preparations ; | N1: 1 Beverages and tobacco ; | O1: 11 Beverages ; | P1: 12 Tobacco and tobacco manufactures ; | Q1: 2 Crude materials, inedible, except fuels ; | R1: 21 Hides, skins and furskins, raw ; | S1: 22 Oil-seeds and oleaginous fruits ; | T1: 23 Crude rubber (incl. synthetic and reclaimed) ; | U1: 24 Cork and wood ; | V1: 25 Pulp and waste paper ; | W1: 26 Textile fibres (excl. wool tops and other combed wool) and their wastes, not manufactured into yarn or fabric ; | X1: 27 Crude fertilizers (excl. those of Division 56) and crude minerals (excl. coal, petroleum and precious stones) ; | Y1: 28 Metalliferous ores and metal scrap ; | Z1: 29 Crude animal and vegetable materials, nes ; | AA1: 3 Mineral fuels, lubricants and related materials ; | AB1: 32 Coal, coke and briquettes ; | AC1: 33 Petroleum, petroleum products and related materials ; | AD1: 34 Gas, natural and manufactured ; | AE1: 4 Animal and vegetable oils, fats and waxes ; | AF1: 41 Animal oils and fats ; | AG1: 42 Fixed vegetable fats and oils, crude, refined or fractionated ; | AH1: 43 Animal or vegetable fats and oils, processed; waxes of animal or vegetable origin; inedible mixtures or preparations of animal or vegetable fats or oils, nes ; | AI1: 5 Chemicals and related products, nes ; | AJ1: 51 Organic chemicals ; | AK1: 52 Inorganic chemicals ; | AL1: 53 Dyeing, tanning and colouring materials ; | AM1: 54 Medicinal and pharmaceutical products ; | AN1: 55 Essential oils and resinoids and perfume materials; toilet, polishing and cleansing preparations ; | AO1: 56 Fertilisers (excl. those of group 272) ; | AP1: 57 Plastics in primary forms ; | AQ1: 58 Plastics in non-primary forms ; | AR1: 59 Chemical materials and products, nes ; | AS1: 6 Manufactured goods classified chiefly by material ; | AT1: 61 Leather, leather manufactures, nes, and dressed furskins ; | AU1: 62 Rubber manufactures, nes ; | AV1: 63 Cork and wood manufactures (excl. furniture) ; | AW1: 64 Paper, paperboard and articles of paper pulp, of paper or of paperboard ; | AX1: 65 Textile yarn, fabrics, made-up articles nes, and related products ; | AY1: 66 Non-metallic mineral manufactures, nes ; | AZ1: 67 Iron and steel ; | BA1: 68 Non-ferrous metals ; | BB1: 69 Manufactures of metals, nes ; | BC1: 7 Machinery and transport equipment ; | BD1: 71 Power generating machinery and equipment ; | BE1: 72 Machinery specialized for particular industries ; | BF1: 73 Metalworking machinery ; | BG1: 74 General industrial machinery and equipment, nes, and machine parts, nes ; | BH1: 75 Office machines and automatic data processing machines ; | BI1: 76 Telecommunications and sound recording and reproducing apparatus and equipment ; | BJ1: 77 Electrical machinery, apparatus and appliances, nes, and electrical parts thereof (incl. non electrical counterparts, nes, of electrical household type equipment) ; | BK1: 78 Road vehicles (incl. air-cushion vehicles) ; | BL1: 79 Transport equipment (excl. road vehicles) ; | BM1: 8 Miscellaneous manufactured articles ; | BN1: 81 Prefabricated buildings and sanitary, plumbing, heating and lighting fixtures and fittings, nes ; | BO1: 82 Furniture and parts thereof; bedding, mattresses, mattress supports, cushions and similar stuffed furnishings ; | BP1: 83 Travel goods, handbags and similar containers ; | BQ1: 84 Articles of apparel and clothing accessories ; | BR1: 85 Footwear ; | BS1: 87 Professional, scientific and controlling instruments and apparatus, nes ; | BT1: 88 Photographic apparatus, equipment and supplies and optical goods, nes; watches and clocks ; | BU1: 89 Miscellaneous manufactured articles, nes ; | BV1: 9 Commodities and transactions not classified elsewhere in the SITC ; | BW1: 93 Special transactions and commodities not classified according to kind ; | BX1: 95 Gold coin whether or not legal tender, and other coin being legal tender ; | BY1: 96 Coin (excl. gold coin) not being legal tender ; | BZ1: 97 Gold, non-monetary (excl. gold ores and concentrates) ; | CA1: 98 Combined confidential items excluding some of SITC 28099 (exports only) and some of SITC 51099 (imports only) ; | CB1: -1 TOTAL ;
A2: Y2016 | B2: Export | C2: 0.12620856 | D2: 0.057447656 | E2: 0.33990374 | F2: 0.06768646 | G2: 0.042273382 | H2: 0.23236565 | I2: 0.12731063 | J2: 0.0097789767 | K2: 0.011127801 | L2: 0.035989087 | M2: 0.075963337 | N2: 0.010364879 | O2: 0.97424412 | P2: 0.025382605 | Q2: 0.32352429 | R2: 0.0098898602 | S2: 0.016921587 | T2: 8.371103e-05 | U2: 0.021154973 | V2: 0.0028940099 | W2: 0.056469069 | X2: 0.0079525478 | Y2: 0.87889406 | Z2: 0.00569235 | AA2: 0.2619347 | AB2: 0.6243981 | AC2: 0.10259667 | AD2: 0.27296092 | AE2: 0.0026115318 | AF2: 0.62518519 | AG2: 0.32148148 | AH2: 0.054814815 | AI2: 0.032371387 | AJ2: 0.027130393 | AK2: 0.078522768 | AL2: 0.10123103 | AM2: 0.41663679 | AN2: 0.11772439 | AO2: 0.044101829 | AP2: 0.037647902 | AQ2: 0.049958169 | AR2: 0.12728577 | AS2: 0.051866955 | AT2: 0.013725198 | AU2: 0.018349993 | AV2: 0.0082798747 | AW2: 0.07339997 | AX2: 0.019991049 | AY2: 0.079069074 | AZ2: 0.044905266 | BA2: 0.65955542 | BB2: 0.082574966 | BC2: 0.059531317 | BD2: 0.056671216 | BE2: 0.12166114 | BF2: 0.010463378 | BG2: 0.14746214 | BH2: 0.10021447 | BI2: 0.11386235 | BJ2: 0.10989797 | BK2: 0.19107038 | BL2: 0.14882693 | BM2: 0.025372482 | BN2: 0.02073803 | BO2: 0.020280573 | BP2: 0.0097590729 | BQ2: 0.050015249 | BR2: 0.014028667 | BS2: 0.38609332 | BT2: 0.062366575 | BU2: 0.43641354 | BV2: 0.10621003 | BW2: 0.056935742 | BX2: 0.036026519 | BY2: 3.6427218e-05 | BZ2: 0.68690806 | CA2: 0.22012968 | CB2: 0.99999613
A3: Y2017 | B3: Export | C3: 0.12144663 | D3: 0.044212482 | E3: 0.32336867 | F3: 0.064078041 | G3: 0.038911356 | H3: 0.25510985 | I3: 0.13933217 | J3: 0.0090173789 | K3: 0.010083069 | L3: 0.033610231 | M3: 0.082276752 | N3: 0.010058606 | O3: 0.97723524 | P3: 0.022104916 | Q3: 0.33010878 | R3: 0.0081228072 | S3: 0.019160978 | T3: 0 | U3: 0.019854634 | V3: 0.0027846752 | W3: 0.058830034 | X3: 0.015833442 | Y3: 0.8704171 | Z3: 0.0049862777 | AA3: 0.30248495 | AB3: 0.62680885 | AC3: 0.084060165 | AD3: 0.28914195 | AE3: 0.0022566322 | AF3: 0.57352941 | AG3: 0.35441176 | AH3: 0.072058824 | AI3: 0.028682459 | AJ3: 0.023024413 | AK3: 0.081221798 | AL3: 0.11095684 | AM3: 0.40240657 | AN3: 0.13652667 | AO3: 0.03066065 | AP3: 0.039222492 | AQ3: 0.051255351 | AR3: 0.12403101 | AS3: 0.048945688 | AT3: 0.011255 | AU3: 0.019933555 | AV3: 0.0077971388 | AW3: 0.068682623 | AX3: 0.018577531 | AY3: 0.061156689 | AZ3: 0.062173707 | BA3: 0.67509662 | BB3: 0.075530544 | BC3: 0.048577326 | BD3: 0.050689985 | BE3: 0.12884274 | BF3: 0.012843285 | BG3: 0.14967892 | BH3: 0.083754611 | BI3: 0.13745047 | BJ3: 0.12617844 | BK3: 0.15466594 | BL3: 0.15596393 | BM3: 0.022755481 | BN3: 0.021000438 | BO3: 0.020562928 | BP3: 0.010208546 | BQ3: 0.04783433 | BR3: 0.016771183 | BS3: 0.38194546 | BT3: 0.062272131 | BU3: 0.43998833 | BV3: 0.084700034 | BW3: 0.057751832 | BX3: 0.026525095 | BY3: 3.9180347e-05 | BZ3: 0.69035772 | CA3: 0.22524782 | CB3: 1.0000166
A4: Y2018 | B4: Export | C4: 0.102349 | D4: 0.051742224 | E4: 0.38572765 | F4: 0.070341073 | G4: 0.041648947 | H4: 0.20770605 | I4: 0.10113124 | J4: 0.0085055711 | K4: 0.011142298 | L4: 0.038530237 | M4: 0.083524709 | N4: 0.0097993413 | O4: 0.98252887 | P4: 0.017471128 | Q4: 0.3101403 | R4: 0.0068395101 | S4: 0.013080212 | T4: 0.00014034562 | U4: 0.02075244 | V4: 0.0022268172 | W4: 0.060573172 | X4: 0.019741951 | Y4: 0.87119079 | Z4: 0.005464123 | AA4: 0.35479883 | AB4: 0.54672893 | AC4: 0.091527697 | AD4: 0.36173519 | AE4: 0.0019238861 | AF4: 0.55505279 | AG4: 0.36199095 | AH4: 0.082956259 | AI4: 0.030497802 | AJ4: 0.019124643 | AK4: 0.089153187 | AL4: 0.097906755 | AM4: 0.45195052 | AN4: 0.12806851 | AO4: 0.030447193 | AP4: 0.028353949 | AQ4: 0.042150333 | AR4: 0.11274976 | AS4: 0.049420368 | AT4: 0.0097469321 | AU4: 0.018025953 | AV4: 0.0056954964 | AW4: 0.067230345 | AX4: 0.016029593 | AY4: 0.054430157 | AZ4: 0.060419236 | BA4: 0.69420469 | BB4: 0.07427632 | BC4: 0.044548264 | BD4: 0.061164669 | BE4: 0.11939812 | BF4: 0.017912976 | BG4: 0.14955706 | BH4: 0.083637311 | BI4: 0.13079729 | BJ4: 0.13535696 | BK4: 0.11027879 | BL4: 0.19183168 | BM4: 0.021148238 | BN4: 0.022228321 | BO4: 0.020856202 | BP4: 0.010976948 | BQ4: 0.046103183 | BR4: 0.01701427 | BS4: 0.37939078 | BT4: 0.060373216 | BU4: 0.4433315 | BV4: 0.075373968 | BW4: 0.052781521 | BX4: 0.031337825 | BY4: 0 | BZ4: 0.73670837 | CA4: 0.17905679 | CB4: 1
A5: Y2019 | B5: Export | C5: 0.096540601 | D5: 0.056468963 | E5: 0.43724933 | F5: 0.066084093 | G5: 0.040611968 | H5: 0.15647162 | I5: 0.10921937 | J5: 0.007118383 | K5: 0.01128848 | L5: 0.036494993 | M5: 0.079072485 | N5: 0.0091850629 | O5: 0.98352875 | P5: 0.016471245 | Q5: 0.34979909 | R5: 0.0042444013 | S5: 0.0077044313 | T5: 0.00014661144 | U5: 0.016310523 | V5: 0.0013414947 | W5: 0.035509292 | X5: 0.012586592 | Y5: 0.91786827 | Z5: 0.0042810541 | AA5: 0.32383116 | AB5: 0.50631097 | AC5: 0.096794628 | AD5: 0.39690232 | AE5: 0.0016590552 | AF5: 0.55486862 | AG5: 0.3755796 | AH5: 0.072642968 | AI5: 0.030696367 | AJ5: 0.017709465 | AK5: 0.062985548 | AL5: 0.084203492 | AM5: 0.52201153 | AN5: 0.12797594 | AO5: 0.021886225 | AP5: 0.027399549 | AQ5: 0.033163478 | AR5: 0.10233063 | AS5: 0.045045784 | AT5: 0.0080264132 | AU5: 0.018500598 | AV5: 0.0061478909 | AW5: 0.062275858 | AX5: 0.017362099 | AY5: 0.057209541 | AZ5: 0.069277623 | BA5: 0.68304207 | BB5: 0.078100985 | BC5: 0.043571353 | BD5: 0.062617702 | BE5: 0.11540725 | BF5: 0.011299435 | BG5: 0.14453861 | BH5: 0.082980226 | BI5: 0.1563677 | BJ5: 0.12541196 | BK5: 0.1129355 | BL5: 0.18879473 | BM5: 0.021047179 | BN5: 0.01912768 | BO5: 0.022173489 | BP5: 0.011452242 | BQ5: 0.045930799 | BR5: 0.014863548 | BS5: 0.47587719 | BT5: 0.056773879 | BU5: 0.35343567 | BV5: 0.078621779 | BW5: 0.040409641 | BX5: 0.028081276 | BY5: 0 | BZ5: 0.76227129 | CA5: 0.16920518 | CB5: 0.99999744
A6: Y2020 | B6: Export | C6: 0.098222359 | D6: 0.054704165 | E6: 0.41273717 | F6: 0.071404513 | G6: 0.034495341 | H6: 0.18075671 | I6: 0.11583586 | J6: 0.0079431907 | K6: 0.012546312 | L6: 0.036768834 | M6: 0.0727237 | N6: 0.009050859 | O6: 0.98872982 | P6: 0.01127018 | Q6: 0.41895856 | R6: 0.0027242577 | S6: 0.0077845336 | T6: 6.5803327e-05 | U6: 0.010982575 | V6: 0.0011318172 | W6: 0.018023531 | X6: 0.0076529269 | Y6: 0.94801537 | Z6: 0.0036257633 | AA6: 0.24486943 | AB6: 0.48825165 | AC6: 0.087310433 | AD6: 0.42443791 | AE6: 0.0020979908 | AF6: 0.58344284 | AG6: 0.37056505 | AH6: 0.043363995 | AI6: 0.030579387 | AJ6: 0.0204652 | AK6: 0.057789398 | AL6: 0.08059863 | AM6: 0.50009016 | AN6: 0.14334656 | AO6: 0.029751172 | AP6: 0.020915975 | AQ6: 0.028038226 | AR6: 0.11945546 | AS6: 0.04054829 | AT6: 0.0076149035 | AU6: 0.017677454 | AV6: 0.0070029916 | AW6: 0.063502856 | AX6: 0.018765298 | AY6: 0.050040794 | AZ6: 0.062550993 | BA6: 0.69451999 | BB6: 0.078460702 | BC6: 0.040465583 | BD6: 0.072761957 | BE6: 0.12052051 | BF6: 0.0094018259 | BG6: 0.14743153 | BH6: 0.088567925 | BI6: 0.15335877 | BJ6: 0.13666712 | BK6: 0.10887042 | BL6: 0.16262434 | BM6: 0.020334796 | BN6: 0.021827549 | BO6: 0.018438178 | BP6: 0.015184382 | BQ6: 0.052467462 | BR6: 0.017489154 | BS6: 0.47803688 | BT6: 0.05856833 | BU6: 0.33812364 | BV6: 0.094858958 | BW6: 0.030893978 | BX6: 0.0378691 | BY6: 5.8126017e-05 | BZ6: 0.74087422 | CA6: 0.19039177 | CB6: 0.99998622
A7: Y2021 | B7: Export | C7: 0.095030644 | D7: 0.037804318 | E7: 0.33994028 | F7: 0.067684887 | G7: 0.027721635 | H7: 0.32395498 | I7: 0.10362885 | J7: 0.0073036288 | K7: 0.010932476 | L7: 0.032705558 | M7: 0.048346348 | N7: 0.0055067137 | O7: 0.99207293 | P7: 0.0083234245 | Q7: 0.43254658 | R7: 0.0025431554 | S7: 0.015975457 | T7: 5.5505376e-05 | U7: 0.0067514722 | V7: 0.0013422209 | W7: 0.025638438 | X7: 0.0098294976 | Y7: 0.93480641 | Z7: 0.0030931633 | AA7: 0.27587042 | AB7: 0.50242494 | AC7: 0.092685628 | AD7: 0.40491317 | AE7: 0.002368127 | AF7: 0.61658986 | AG7: 0.33179724 | AH7: 0.049769585 | AI7: 0.021939551 | AJ7: 0.023776363 | AK7: 0.080382014 | AL7: 0.10306407 | AM7: 0.36112216 | AN7: 0.16543971 | AO7: 0.048746518 | AP7: 0.03660963 | AQ7: 0.034321528 | AR7: 0.14663749 | AS7: 0.03645606 | AT7: 0.0095791175 | AU7: 0.015386458 | AV7: 0.0057474705 | AW7: 0.056756271 | AX7: 0.019936538 | AY7: 0.034125606 | AZ7: 0.047476501 | BA7: 0.73807101 | BB7: 0.073040771 | BC7: 0.032145414 | BD7: 0.059206953 | BE7: 0.11393265 | BF7: 0.011882129 | BG7: 0.15141228 | BH7: 0.093427485 | BI7: 0.15826996 | BJ7: 0.15120858 | BK7: 0.12581477 | BL7: 0.13498099 | BM7: 0.017539418 | BN7: 0.025261324 | BO7: 0.018043803 | BP7: 0.014435042 | BQ7: 0.05973121 | BR7: 0.014808362 | BS7: 0.48220508 | BT7: 0.056371329 | BU7: 0.32926829 | BV7: 0.080610169 | BW7: 0.048439065 | BX7: 0.069747922 | BY7: 5.4152113e-05 | BZ7: 0.63035767 | CA7: 0.25134703 | CB7: 1.0000131
A8: Y2022 | B8: Export | C8: 0.089451306 | D8: 0.028575731 | E8: 0.31248823 | F8: 0.063721245 | G8: 0.022683634 | H8: 0.38914198 | I8: 0.094631226 | J8: 0.0060426942 | K8: 0.0097323143 | L8: 0.032359474 | M8: 0.04066112 | N8: 0.0043309506 | O8: 0.99261275 | P8: 0.0073872473 | Q8: 0.31706869 | R8: 0.0024110974 | S8: 0.041222331 | T8: 4.7797085e-05 | U8: 0.008088329 | V8: 0.0016304117 | W8: 0.04094617 | X8: 0.06576879 | Y8: 0.83618877 | Z8: 0.0036750648 | AA8: 0.4232174 | AB8: 0.56635791 | AC8: 0.068995838 | AD8: 0.36464625 | AE8: 0.0028322935 | AF8: 0.64209275 | AG8: 0.31985731 | AH8: 0.038049941 | AI8: 0.021174846 | AJ8: 0.019483101 | AK8: 0.1332008 | AL8: 0.084930417 | AM8: 0.34417495 | AN8: 0.14059642 | AO8: 0.058131213 | AP8: 0.024095427 | AQ8: 0.035864811 | AR8: 0.15960239 | AS8: 0.032719557 | AT8: 0.007616695 | AU8: 0.018681488 | AV8: 0.0049405589 | AW8: 0.052184653 | AX8: 0.018321239 | AY8: 0.03108435 | AZ8: 0.068961968 | BA8: 0.72451238 | BB8: 0.073593742 | BC8: 0.027811034 | BD8: 0.062182126 | BE8: 0.11570598 | BF8: 0.01574231 | BG8: 0.15070235 | BH8: 0.093545653 | BI8: 0.14149915 | BJ8: 0.16299346 | BK8: 0.12188181 | BL8: 0.1359288 | BM8: 0.015284619 | BN8: 0.019279498 | BO8: 0.018287981 | BP8: 0.02214388 | BQ8: 0.071499394 | BR8: 0.015533767 | BS8: 0.48573317 | BT8: 0.05574529 | BU8: 0.31221769 | BV8: 0.066100882 | BW8: 0.019462489 | BX8: 0.077595211 | BY8: 0.00022927016 | BZ8: 0.5990065 | CA8: 0.30368106 | CB8: 0.99999158
A9: Y2023 | B9: Export | C9: 0.098007064 | D9: 0.022575755 | E9: 0.32508356 | F9: 0.054795521 | G9: 0.024584924 | H9: 0.37677401 | I9: 0.10760014 | J9: 0.0054247566 | K9: 0.0092969735 | L9: 0.031726607 | M9: 0.042265612 | N9: 0.0045612157 | O9: 0.99058085 | P9: 0.0094191523 | Q9: 0.36332374 | R9: 0.0022221018 | S9: 0.027138219 | T9: 6.8978769e-05 | U9: 0.0070703239 | V9: 0.0010001922 | W9: 0.036494696 | X9: 0.093885032 | Y9: 0.82894251 | Z9: 0.0032025857 | AA9: 0.3500554 | AB9: 0.52841487 | AC9: 0.080593611 | AD9: 0.39098129 | AE9: 0.0028802967 | AF9: 0.65444375 | AG9: 0.2610317 | AH9: 0.084524549 | AI9: 0.020557693 | AJ9: 0.019244166 | AK9: 0.11006618 | AL9: 0.080111459 | AM9: 0.41396726 | AN9: 0.14681296 | AO9: 0.029432254 | AP9: 0.024120515 | AQ9: 0.033524904 | AR9: 0.14306862 | AS9: 0.034651276 | AT9: 0.0056310379 | AU9: 0.020509376 | AV9: 0.005062768 | AW9: 0.045874877 | AX9: 0.018804567 | AY9: 0.044118407 | AZ9: 0.064886088 | BA9: 0.72066953 | BB9: 0.074495015 | BC9: 0.033303319 | BD9: 0.070038701 | BE9: 0.11357773 | BF9: 0.014620512 | BG9: 0.16362073 | BH9: 0.080036551 | BI9: 0.14389379 | BJ9: 0.15878306 | BK9: 0.1171791 | BL9: 0.13835734 | BM9: 0.018826651 | BN9: 0.016164305 | BO9: 0.01787582 | BP9: 0.01787582 | BQ9: 0.06712941 | BR9: 0.017210231 | BS9: 0.46315489 | BT9: 0.05476847 | BU9: 0.34572597 | BV9: 0.073836917 | BW9: 0.014837443 | BX9: 0.048755061 | BY9: 0.00026668606 | BZ9: 0.6873712 | CA9: 0.24867263 | CB9: 1.0000036
A10: Y2024 | B10: Export | C10: 0.10167065 | D10: 0.021251094 | E10: 0.40555915 | F10: 0.065161143 | G10: 0.023191659 | H10: 0.26153875 | I10: 0.13445074 | J10: 0.0056694951 | K10: 0.010444808 | L10: 0.029926563 | M10: 0.042863666 | N10: 0.0061491384 | O10: 0.99370871 | P10: 0.0062912866 | Q10: 0.34737699 | R10: 0.002962336 | S10: 0.027869345 | T10: 0.00011136602 | U10: 0.0079292603 | V10: 0.0013475288 | W10: 0.036182818 | X10: 0.028604361 | Y10: 0.89148495 | Z10: 0.003535871 | AA10: 0.33045961 | AB10: 0.50014048 | AC10: 0.091973871 | AD10: 0.40787394 | AE10: 0.0027022165 | AF10: 0.61918397 | AG10: 0.29778096 | AH10: 0.084466714 | AI10: 0.023737724 | AJ10: 0.017519557 | AK10: 0.07708605 | AL10: 0.094687093 | AM10: 0.43896675 | AN10: 0.13893416 | AO10: 0.035609518 | AP10: 0.023956975 | AQ10: 0.03357236 | AR10: 0.13999348 | AS10: 0.039682156 | AT10: 0.0054594199 | AU10: 0.016134536 | AV10: 0.0047282476 | AW10: 0.043431635 | AX10: 0.01910797 | AY10: 0.028759444 | AZ10: 0.064928101 | BA10: 0.74550329 | BB10: 0.071947356 | BC10: 0.039622193 | BD10: 0.067223199 | BE10: 0.11452841 | BF10: 0.013962117 | BG10: 0.15255809 | BH10: 0.077133372 | BI10: 0.14269674 | BJ10: 0.15714704 | BK10: 0.1102812 | BL10: 0.16486038 | BM10: 0.021227004 | BN10: 0.017404775 | BO10: 0.015400036 | BP10: 0.016220157 | BQ10: 0.07043922 | BR10: 0.017404775 | BS10: 0.37187899 | BT10: 0.055677055 | BU10: 0.43530162 | BV10: 0.087370378 | BW10: 0.012508579 | BX10: 0.029666364 | BY10: 0.00050919879 | BZ10: 0.79043149 | CA10: 0.16684009 | CB10: 0.99999807
A11: Y2025 | B11: Export | C11: 0.11860684 | D11: 0.020937092 | E11: 0.43867963 | F11: 0.057411795 | G11: 0.025595152 | H11: 0.26060958 | I11: 0.11737021 | J11: 0.0042389955 | K11: 0.010186484 | L11: 0.025498445 | M11: 0.039456506 | N11: 0.0058612344 | O11: 0.981409 | P11: 0.018917156 | Q11: 0.34534829 | R11: 0.0030224023 | S11: 0.025552031 | T11: 0.00016606606 | U11: 0.0084195493 | V11: 0.0015167367 | W11: 0.033506596 | X11: 0.026919309 | Y11: 0.89694494 | Z11: 0.0039357656 | AA11: 0.26798229 | AB11: 0.45996248 | AC11: 0.10120487 | AD11: 0.43881125 | AE11: 0.0034525079 | AF11: 0.45570321 | AG11: 0.29291251 | AH11: 0.25193798 | AI11: 0.0232098 | AJ11: 0.02067375 | AK11: 0.086483815 | AL11: 0.086730912 | AM11: 0.42319414 | AN11: 0.13302034 | AO11: 0.054855448 | AP11: 0.023144716 | AQ11: 0.034840623 | AR11: 0.13680916 | AS11: 0.043431632 | AT11: 0.0047537304 | AU11: 0.015185528 | AV11: 0.0033892337 | AW11: 0.038337955 | AX11: 0.016506008 | AY11: 0.02112769 | AZ11: 0.046392887 | BA11: 0.78977948 | BB11: 0.064483472 | BC11: 0.042458583 | BD11: 0.071949572 | BE11: 0.10877983 | BF11: 0.011166141 | BG11: 0.14646556 | BH11: 0.085006754 | BI11: 0.14570014 | BJ11: 0.14705088 | BK11: 0.11814498 | BL11: 0.16591625 | BM11: 0.022678351 | BN11: 0.016016185 | BO11: 0.014583158 | BP11: 0.015426115 | BQ11: 0.065244879 | BR11: 0.015763298 | BS11: 0.36188148 | BT11: 0.055550872 | BU11: 0.45511253 | BV11: 0.12696283 | BW11: 0.0066100521 | BX11: 0.028201885 | BY11: 0.00025597013 | BZ11: 0.8967537 | CA11: 0.06820851 | CB11: 0.99999235
A12: Y2016 | B12: Import | C12: 0.054952918 | D12: 0.0086570795 | E12: 0.055805967 | F12: 0.07691207 | G12: 0.1325034 | H12: 0.090505831 | I12: 0.18609144 | J12: 0.034556772 | K12: 0.14130357 | L12: 0.065750876 | M12: 0.20805609 | N12: 0.012860485 | O12: 0.68511159 | P12: 0.31397126 | Q12: 0.012604926 | R12: 0.0015595758 | S12: 0.027448534 | T12: 0.031815346 | U12: 0.25452277 | V12: 0.066126014 | W12: 0.030879601 | X12: 0.097005614 | Y12: 0.31721772 | Z12: 0.17186525 | AA12: 0.092803082 | AB12: 0.0021606507 | AC12: 0.98775631 | AD12: 0.010083037 | AE12: 0.0027521673 | AF12: 0.087142857 | AG12: 0.85142857 | AH12: 0.062857143 | AI12: 0.10892685 | AJ12: 0.086987908 | AK12: 0.056560188 | AL12: 0.035986284 | AM12: 0.40519762 | AN12: 0.10604584 | AO12: 0.060711063 | AP12: 0.070673164 | AQ12: 0.070276123 | AR12: 0.10748962 | AS12: 0.11096346 | AT12: 0.0058108635 | AU12: 0.12043369 | AV12: 0.046238883 | AW12: 0.10626085 | AX12: 0.1267406 | AY12: 0.13630727 | AZ12: 0.089714063 | BA12: 0.095347766 | BB12: 0.27318145 | BC12: 0.40626708 | BD12: 0.042861843 | BE12: 0.074178376 | BF12: 0.0057581388 | BG12: 0.14011149 | BH12: 0.09457864 | BI12: 0.14127279 | BJ12: 0.12666938 | BK12: 0.33302365 | BL12: 0.041565052 | BM12: 0.15870176 | BN12: 0.041149511 | BO12: 0.10593336 | BP12: 0.036219497 | BQ12: 0.21332838 | BR12: 0.054552211 | BS12: 0.16737272 | BT12: 0.045906107 | BU12: 0.33561254 | BV12: 0.039167273 | BW12: 0.0004015258 | BX12: 0.0041156394 | BY12: 0.00070267015 | BZ12: 0.74964866 | CA12: 0.24493074 | CB12: 1
A13: Y2017 | B13: Import | C13: 0.049616533 | D13: 0.01083613 | E13: 0.058235459 | F13: 0.09235179 | G13: 0.1363255 | H13: 0.091512864 | I13: 0.18763982 | J13: 0.032158837 | K13: 0.14380593 | L13: 0.065645973 | M13: 0.18127796 | N13: 0.011394737 | O13: 0.69406393 | P13: 0.30624049 | Q13: 0.012293134 | R13: 0.00084650113 | S13: 0.031320542 | T13: 0.046557562 | U13: 0.23589165 | V13: 0.065462754 | W13: 0.025677201 | X13: 0.080699774 | Y13: 0.34452596 | Z13: 0.16845372 | AA13: 0.10338512 | AB13: 0.004663647 | AC13: 0.98523738 | AD13: 0.01016608 | AE13: 0.0024350396 | AF13: 0.07977208 | AG13: 0.84188034 | AH13: 0.075498575 | AI13: 0.097311397 | AJ13: 0.084230413 | AK13: 0.056248663 | AL13: 0.036322806 | AM13: 0.39702003 | AN13: 0.10993085 | AO13: 0.058458687 | AP13: 0.075176445 | AQ13: 0.071077208 | AR13: 0.11160619 | AS13: 0.099555657 | AT13: 0.0055747187 | AU13: 0.12473433 | AV13: 0.049057524 | AW13: 0.10226125 | AX13: 0.12557054 | AY13: 0.13219052 | AZ13: 0.10658165 | BA13: 0.086373297 | BB13: 0.26776071 | BC13: 0.40907625 | BD13: 0.040387339 | BE13: 0.075212197 | BF13: 0.0054183307 | BG13: 0.11345425 | BH13: 0.088940331 | BI13: 0.13214283 | BJ13: 0.12411284 | BK13: 0.31634911 | BL13: 0.10400821 | BM13: 0.14072933 | BN13: 0.040151833 | BO13: 0.10490252 | BP13: 0.037884203 | BQ13: 0.21532622 | BR13: 0.053659018 | BS13: 0.16129748 | BT13: 0.044884277 | BU13: 0.34179586 | BV13: 0.074220146 | BW13: 0.00056082628 | BX13: 0.000981446 | BY13: 0.00014020657 | BZ13: 0.29069496 | CA13: 0.70757583 | CB13: 1.0000173
... A21: Y2025 | B21: Import | C21: 0.053193336 | D21: 0.0077503569 | E21: 0.051070773 | F21: 0.093616153 | G21: 0.10393637 | H21: 0.10679176 | I21: 0.16879462 | J21: 0.029165817 | K21: 0.183969 | L21: 0.061921273 | M21: 0.19298389 | N21: 0.0073296793 | O21: 0.86234458 | P21: 0.13706335 | Q21: 0.011467542 | R21: 0.0013245033 | S21: 0.02743614 | T21: 0.026868496 | U21: 0.18032167 | V21: 0.051087985 | W21: 0.024030274 | X21: 0.091012299 | Y21: 0.40283822 | Z21: 0.1948912 | AA21: 0.11556071 | AB21: 0.0036989748 | AC21: 0.99031131 | AD21: 0.0059521574 | AE21: 0.0027817196 | AF21: 0.10530421 | AG21: 0.82059282 | AH21: 0.073322933 | AI21: 0.10344655 | AJ21: 0.058877819 | AK21: 0.060576822 | AL21: 0.025883587 | AM21: 0.38783429 | AN21: 0.12253802 | AO21: 0.10716308 | AP21: 0.058626114 | AQ21: 0.063009963 | AR21: 0.11544835 | AS21: 0.099534355 | AT21: 0.0032699686 | AU21: 0.1252616 | AV21: 0.040961807 | AW21: 0.089749738 | AX21: 0.10309121 | AY21: 0.10182682 | AZ21: 0.11693408 | BA21: 0.12170823 | BB21: 0.29737095 | BC21: 0.4143417 | BD21: 0.04651857 | BE21: 0.076682587 | BF21: 0.0055405434 | BG21: 0.12378244 | BH21: 0.1004577 | BI21: 0.11378014 | BJ21: 0.17178303 | BK21: 0.31144871 | BL21: 0.049990574 | BM21: 0.13675993 | BN21: 0.031906454 | BO21: 0.10068541 | BP21: 0.035301771 | BQ21: 0.20784413 | BR21: 0.049501809 | BS21: 0.17181253 | BT21: 0.044551628 | BU21: 0.35841213 | BV21: 0.055595336 | BW21: 0.00023417376 | BX21: 0.0027710561 | BY21: 0.00085863711 | BZ21: 0.80454297 | CA21: 0.19139802 | CB21: 1.0000108

Sheet Analytical-Combined
A1: Time | B1: Trade | C1: 0 Food and live animals ; | D1: 00 Live animals (excl. fish (not marine mammals) crustaceans, molluscs and aquatic invertebrates of SITC Division 03) ; | E1: 01 Meat and meat preparations ; | F1: 02 Dairy products and birds’ eggs ; | G1: 03 Fish (excl. marine mammals) crustaceans, molluscs and aquatic invertebrates, and preparations thereof (excl. extracts and juices of fish, crustaceans, molluscs or other aquatic invertebrates, prepared or preserved of SITC 01710) ; | H1: 04 Cereals and cereal preparations ; | I1: 05 Vegetables and fruit ; | J1: 06 Sugars, sugar preparations and honey ; | K1: 07 Coffee, tea, cocoa, spices, and manufactures thereof ; | L1: 08 Feeding stuff for animals (excl. unmilled cereals) ; | M1: 09 Miscellaneous edible products and preparations ; | N1: 1 Beverages and tobacco ; | O1: 11 Beverages ; | P1: 12 Tobacco and tobacco manufactures ; | Q1: 2 Crude materials, inedible, except fuels ; | R1: 21 Hides, skins and furskins, raw ; | S1: 22 Oil-seeds and oleaginous fruits ; | T1: 23 Crude rubber (incl. synthetic and reclaimed) ; | U1: 24 Cork and wood ; | V1: 25 Pulp and waste paper ; | W1: 26 Textile fibres (excl. wool tops and other combed wool) and their wastes, not manufactured into yarn or fabric ; | X1: 27 Crude fertilizers (excl. those of Division 56) and crude minerals (excl. coal, petroleum and precious stones) ; | Y1: 28 Metalliferous ores and metal scrap ; | Z1: 29 Crude animal and vegetable materials, nes ; | AA1: 3 Mineral fuels, lubricants and related materials ; | AB1: 32 Coal, coke and briquettes ; | AC1: 33 Petroleum, petroleum products and related materials ; | AD1: 34 Gas, natural and manufactured ; | AE1: 4 Animal and vegetable oils, fats and waxes ; | AF1: 41 Animal oils and fats ; | AG1: 42 Fixed vegetable fats and oils, crude, refined or fractionated ; | AH1: 43 Animal or vegetable fats and oils, processed; waxes of animal or vegetable origin; inedible mixtures or preparations of animal or vegetable fats or oils, nes ; | AI1: 5 Chemicals and related products, nes ; | AJ1: 51 Organic chemicals ; | AK1: 52 Inorganic chemicals ; | AL1: 53 Dyeing, tanning and colouring materials ; | AM1: 54 Medicinal and pharmaceutical products ; | AN1: 55 Essential oils and resinoids and perfume materials; toilet, polishing and cleansing preparations ; | AO1: 56 Fertilisers (excl. those of group 272) ; | AP1: 57 Plastics in primary forms ; | AQ1: 58 Plastics in non-primary forms ; | AR1: 59 Chemical materials and products, nes ; | AS1: 6 Manufactured goods classified chiefly by material ; | AT1: 61 Leather, leather manufactures, nes, and dressed furskins ; | AU1: 62 Rubber manufactures, nes ; | AV1: 63 Cork and wood manufactures (excl. furniture) ; | AW1: 64 Paper, paperboard and articles of paper pulp, of paper or of paperboard ; | AX1: 65 Textile yarn, fabrics, made-up articles nes, and related products ; | AY1: 66 Non-metallic mineral manufactures, nes ; | AZ1: 67 Iron and steel ; | BA1: 68 Non-ferrous metals ; | BB1: 69 Manufactures of metals, nes ; | BC1: 7 Machinery and transport equipment ; | BD1: 71 Power generating machinery and equipment ; | BE1: 72 Machinery specialized for particular industries ; | BF1: 73 Metalworking machinery ; | BG1: 74 General industrial machinery and equipment, nes, and machine parts, nes ; | BH1: 75 Office machines and automatic data processing machines ; | BI1: 76 Telecommunications and sound recording and reproducing apparatus and equipment ; | BJ1: 77 Electrical machinery, apparatus and appliances, nes, and electrical parts thereof (incl. non electrical counterparts, nes, of electrical household type equipment) ; | BK1: 78 Road vehicles (incl. air-cushion vehicles) ; | BL1: 79 Transport equipment (excl. road vehicles) ; | BM1: 8 Miscellaneous manufactured articles ; | BN1: 81 Prefabricated buildings and sanitary, plumbing, heating and lighting fixtures and fittings, nes ; | BO1: 82 Furniture and parts thereof; bedding, mattresses, mattress supports, cushions and similar stuffed furnishings ; | BP1: 83 Travel goods, handbags and similar containers ; | BQ1: 84 Articles of apparel and clothing accessories ; | BR1: 85 Footwear ; | BS1: 87 Professional, scientific and controlling instruments and apparatus, nes ; | BT1: 88 Photographic apparatus, equipment and supplies and optical goods, nes; watches and clocks ; | BU1: 89 Miscellaneous manufactured articles, nes ; | BV1: 9 Commodities and transactions not classified elsewhere in the SITC ; | BW1: 93 Special transactions and commodities not classified according to kind ; | BX1: 95 Gold coin whether or not legal tender, and other coin being legal tender ; | BY1: 96 Coin (excl. gold coin) not being legal tender ; | BZ1: 97 Gold, non-monetary (excl. gold ores and concentrates) ; | CA1: 98 Combined confidential items excluding some of SITC 28099 (exports only) and some of SITC 51099 (imports only) ; | CB1: -1 TOTAL ;
A2: Y2017 | B2: Export | C2: 1.121854 | D2: 0.86339381 | E2: 1.0672799 | F2: 1.0620471 | G2: 1.0326323 | H2: 1.2316623 | I2: 1.2277871 | J2: 1.0344828 | K2: 1.0165289 | L2: 1.0477002 | M2: 1.2150928 | N2: 1.1313923 | O2: 1.1348659 | P2: 0.98529412 | Q2: 1.1895696 | R2: 0.97702539 | S2: 1.3469965 | T2: 0 | U2: 1.11645 | V2: 1.1446281 | W2: 1.2393054 | X2: 2.3684211 | Y2: 1.1780962 | Z2: 1.0420168 | AA2: 1.3463265 | AB2: 1.3515246 | AC2: 1.1030809 | AD2: 1.4261364 | AE2: 1.0074074 | AF2: 0.92417062 | AG2: 1.1105991 | AH2: 1.3243243 | AI2: 1.0329867 | AJ2: 0.87665198 | AK2: 1.0684932 | AL2: 1.1322314 | AM2: 0.99770511 | AN2: 1.1979695 | AO2: 0.71815718 | AP2: 1.0761905 | AQ2: 1.0598086 | AR2: 1.0065728 | AS2: 1.100179 | AT2: 0.90217391 | AU2: 1.195122 | AV2: 1.036036 | AW2: 1.0294715 | AX2: 1.0223881 | AY2: 0.8509434 | AZ2: 1.5232558 | BA2: 1.1261027 | BB2: 1.0063234 | BC2: 0.95132255 | BD2: 0.85091743 | BE2: 1.0074786 | BF2: 1.1677019 | BG2: 0.96562362 | BH2: 0.79507134 | BI2: 1.1484018 | BJ2: 1.0922531 | BK2: 0.77006803 | BL2: 0.99694323 | BM2: 1.0455932 | BN2: 1.0588235 | BO2: 1.0601504 | BP2: 1.09375 | BQ2: 1 | BR2: 1.25 | BS2: 1.0343602 | BT2: 1.0440098 | BU2: 1.0541579 | BV2: 0.9297319 | BW2: 0.94305822 | BX2: 0.68452983 | BY2: 1 | BZ2: 0.93440102 | CA2: 0.95134867 | CB2: 1.1658419
A3: Y2018 | B3: Export | C3: 0.96379386 | D3: 1.1279357 | E3: 1.1496535 | F3: 1.0579957 | G3: 1.0316011 | H3: 0.78470437 | I3: 0.69954893 | J3: 0.90909091 | K3: 1.0650407 | L3: 1.104878 | M3: 0.97841249 | N3: 1.1141537 | O3: 1.1201891 | P3: 0.88059701 | Q3: 1.0744524 | R3: 0.90470297 | S3: 0.73347324 | U3: 1.123038 | V3: 0.85920578 | W3: 1.1062884 | X3: 1.3396825 | Y3: 1.0754074 | Z3: 1.1774194 | AA3: 1.341419 | AB3: 1.1700418 | AC3: 1.4605847 | AD3: 1.6782015 | AE3: 0.975 | AF3: 0.94358974 | AG3: 0.99585062 | AH3: 1.122449 | AI3: 1.216013 | AJ3: 1.0100503 | AK3: 1.3347578 | AL3: 1.0729927 | AM3: 1.3657274 | AN3: 1.140678 | AO3: 1.2075472 | AP3: 0.87905605 | AQ3: 1 | AR3: 1.1054104 | AS3: 1.1547224 | AT3: 1 | AU3: 1.0442177 | AV3: 0.84347826 | AW3: 1.130306 | AX3: 0.99635036 | AY3: 1.0277162 | AZ3: 1.1221374 | BA3: 1.1874058 | BB3: 1.1355476 | BC3: 1.0487772 | BD3: 1.2654987 | BE3: 0.9718982 | BF3: 1.462766 | BG3: 1.0479233 | BH3: 1.0473083 | BI3: 0.99801193 | BJ3: 1.1250677 | BK3: 0.74779152 | BL3: 1.2899693 | BM3: 1.0628555 | BN3: 1.125 | BO3: 1.0780142 | BP3: 1.1428571 | BQ3: 1.0243902 | BR3: 1.0782609 | BS3: 1.0557465 | BT3: 1.030445 | BU3: 1.0709314 | BV3: 1.0177095 | BW3: 0.93012212 | BX3: 1.2023634 | BY3: 0 | BZ3: 1.0860386 | CA3: 0.80901026 | CB3: 1.1436313
